{
"type": "FeatureCollection",
"name": "umuarama-epsg",
"crs": { "type": "name", "properties": { "name": "urn:ogc:def:crs:EPSG::3857" } },
"features": [
{"type":"Feature","properties":{"CD_MUN":"4128104","NM_MUN":"Umuarama","CD_RGI":"410016","NM_RGI":"Umuarama","CD_RGINT":"4104","NM_RGINT":"Maringá","CD_UF":"41","NM_UF":"Paraná","SIGLA_UF":"PR","CD_REGIAO":"4","NM_REGIAO":"Sul","SIGLA_RG":"S","CD_CONCURB":"4128104","NM_CONCURB":"Umuarama/PR","AREA_KM2":1233.997},"geometry":{"type":"MultiPolygon","coordinates":[[[[-5918533.764246405102313,-2725554.424525934737176],[-5918547.211640892550349,-2725614.91575186047703],[-5918799.283495845273137,-2725903.009453122038394],[-5918880.312953193672001,-2726038.044537682086229],[-5918970.337025397457182,-2726344.137250534724444],[-5919015.354627485387027,-2726596.212324928492308],[-5919096.372952884994447,-2726785.277349365409464],[-5919123.390193301253021,-2726812.283347389195114],[-5919150.396301767788827,-2726839.289391512982547],[-5919240.420373960398138,-2726857.2934465338476],[-5919303.438337709754705,-2726857.2934465338476],[-5919357.461686580441892,-2726848.291416455991566],[-5919429.485397134907544,-2726821.285356961656362],[-5919479.000306639820337,-2726798.780342619866133],[-5919528.51521613355726,-2726776.275360286701471],[-5919636.539650009945035,-2726749.269423755351454],[-5919726.574854153208435,-2726749.269423754420131],[-5919762.586709435097873,-2726722.251368526369333],[-5919879.616890096105635,-2726659.237803565803915],[-5919933.629107039421797,-2726650.235886195674539],[-5920005.652817582711577,-2726623.230164856184274],[-5920122.694130203686655,-2726560.204829700291157],[-5920230.729696018621325,-2726515.195575917139649],[-5920311.748021417297423,-2726461.172475851606578],[-5920410.777840415015817,-2726425.165288014803082],[-5920509.807659424841404,-2726416.163503862451762],[-5920572.825623174197972,-2726389.158182138577104],[-5920617.843225240707397,-2726371.14249540027231],[-5920674.794276741333306,-2726346.472837457899004],[-5920704.438657128252089,-2726459.651900369673967],[-5920826.600666335783899,-2726469.468738166615367],[-5920895.474035277962685,-2726610.335557429585606],[-5920953.193191255442798,-2726640.199970867484808],[-5921027.844041792675853,-2726765.728441747836769],[-5921143.482728827744722,-2726848.32791117252782],[-5921193.442916285246611,-2726974.356798807159066],[-5921440.316151028499007,-2727181.710566225461662],[-5921590.029734196141362,-2727478.77436184277758],[-5921556.277664576657116,-2727517.80097158299759],[-5921568.712051710113883,-2727578.93231042381376],[-5921730.247764798812568,-2727657.180768996011466],[-5921753.123920157551765,-2728037.114656876772642],[-5921812.780035274103284,-2728189.577405756805092],[-5921874.061414944007993,-2728557.455196171998978],[-5922077.197221742942929,-2728623.408396348822862],[-5922192.980624129064381,-2728721.493151672184467],[-5922223.214997828938067,-2728765.060887049417943],[-5922224.294796878471971,-2728826.57420798111707],[-5922178.742861256934702,-2728903.758191383443773],[-5922210.580235623754561,-2728993.352430429775268],[-5922420.896149567328393,-2729043.855870752595365],[-5922449.616578203625977,-2729143.427568644750863],[-5922490.671206408180296,-2729206.159033739008009],[-5922461.204937195405364,-2729279.48800340294838],[-5922474.941762358881533,-2729304.162237929180264],[-5922613.01132679078728,-2729402.044381196144968],[-5922656.893470061011612,-2729408.9916638773866],[-5922706.37498370744288,-2729389.281342698726803],[-5922790.988928670063615,-2729437.766343595460057],[-5922938.954795832745731,-2729642.913686231244355],[-5922949.240716771222651,-2729679.110709235537797],[-5922919.596336384303868,-2729725.625526418443769],[-5922966.139015484601259,-2729842.113927313592285],[-5923111.310763427987695,-2729962.667064282111824],[-5923144.695478705689311,-2730049.626988342031837],[-5923112.724520950578153,-2730181.825970783829689],[-5923105.522149895317852,-2730337.32697202404961],[-5923155.048191349953413,-2730428.681482070125639],[-5923163.007534951902926,-2730510.898559220600873],[-5923219.702551613561809,-2730609.530413929373026],[-5923256.883261538110673,-2730799.349187794141471],[-5923251.684641318395734,-2730949.380640304647386],[-5923354.744225882925093,-2731139.580712573602796],[-5923297.982417528517544,-2731290.199476272799075],[-5923384.310682649724185,-2731582.801642362959683],[-5923265.644105453044176,-2731841.750441670417786],[-5923383.93219636939466,-2731966.772636652458459],[-5923596.819590574130416,-2732015.423744708765298],[-5923702.606502674520016,-2732069.514509836211801],[-5923757.698518668301404,-2732124.323429104872048],[-5923847.310708756558597,-2732140.86106001958251],[-5923910.42886003665626,-2732207.681053389795125],[-5923957.995678452774882,-2732338.352620713412762],[-5924098.915021837688982,-2732441.863572009839118],[-5924261.497138140723109,-2732522.862033996731043],[-5924331.750868790782988,-2732602.2423902512528],[-5924381.165590754710138,-2732737.103508920874447],[-5924425.871498245745897,-2732772.845184216741472],[-5924453.623447299934924,-2732832.329636337701231],[-5924525.257539637386799,-2732881.068598557263613],[-5924689.309073219075799,-2733172.580629446078092],[-5924704.504183712415397,-2733311.426170913036913],[-5924676.68544296361506,-2733362.917013948317617],[-5924676.462803981266916,-2733464.87692412501201],[-5924581.863500693812966,-2733520.17748988699168],[-5924531.235396280884743,-2733586.26094652665779],[-5924520.804760005325079,-2733655.533257420640439],[-5924496.481451256200671,-2733686.822730141691864],[-5924391.496039499528706,-2733763.044680813327432],[-5924356.953601495362818,-2733865.591350788250566],[-5924352.52308577299118,-2733955.883113547228277],[-5924418.301772871986032,-2734116.119100222364068],[-5924409.986206920817494,-2734199.036933165043592],[-5924428.609957730397582,-2734289.233238903339952],[-5924403.373829167336226,-2734448.864073015749454],[-5924511.476186675950885,-2734522.095684546045959],[-5924717.973842098377645,-2734768.824333803262562],[-5924707.598865556530654,-2734847.777829677797854],[-5924748.208215797320008,-2735015.569013037718832],[-5924763.703888915479183,-2735079.504422871861607],[-5924746.248992748558521,-2735174.123949621804059],[-5924787.570787741802633,-2735252.263991833664477],[-5924774.067733509466052,-2735363.936764605343342],[-5924834.280446067452431,-2735424.599450153764337],[-5924747.863125376403332,-2735520.170430527068675],[-5924715.825375914573669,-2735624.055233762599528],[-5924612.587680164724588,-2735617.993746655993164],[-5924581.006340626627207,-2735676.052664664573967],[-5924451.241210208274424,-2735724.788240078836679],[-5924438.673239697702229,-2735804.39162671379745],[-5924269.3674261495471,-2735910.043225215282291],[-5924123.460969556123018,-2735931.550958767067641],[-5924122.225323219783604,-2735977.694701157510281],[-5924086.157808202318847,-2735997.498453671112657],[-5924073.523045998066664,-2736030.277552927378565],[-5924094.540165859274566,-2736162.709215732291341],[-5924160.45243635866791,-2736221.208335648756474],[-5924157.179643329232931,-2736259.867049192544073],[-5924100.562550310976803,-2736301.203738164156675],[-5924097.645979641005397,-2736353.166885175742209],[-5924048.96596631873399,-2736363.561969575472176],[-5924042.67641509976238,-2736452.103048227261752],[-5923968.270467452704906,-2736449.595554131548852],[-5923886.049891541711986,-2736536.506018561776727],[-5923783.379925183020532,-2736623.63606589846313],[-5923627.911124352365732,-2736891.346696643624455],[-5923498.858438676223159,-2736947.23139265878126],[-5923507.129476841539145,-2737112.452106736134738],[-5923468.234446759335697,-2737188.398464953992516],[-5923543.163596000522375,-2737335.20397089002654],[-5923519.497072257101536,-2737404.748383070342243],[-5923538.666288583539426,-2737475.522584396414459],[-5923475.592665088362992,-2737478.456299980171025],[-5923455.377045572735369,-2737536.375991651322693],[-5923408.144185627810657,-2737558.312004410661757],[-5923356.803636463358998,-2737711.122378882020712],[-5923412.853000089526176,-2737754.52016234677285],[-5923361.879805254749954,-2737782.141422515269369],[-5923379.924694712273777,-2737839.502254978287965],[-5923363.816764393821359,-2737905.25078345881775],[-5923393.539068436250091,-2738045.221439708024263],[-5923315.014299619011581,-2738152.154112849850208],[-5923363.738840750418603,-2738214.84835587721318],[-5923370.941211805678904,-2738257.431888801511377],[-5923175.018908008933067,-2738463.838265359867364],[-5923252.753308430314064,-2738636.062747354153544],[-5923237.535934027284384,-2738661.031618687789887],[-5923127.752652207389474,-2738707.122481736820191],[-5923205.609504078514874,-2738800.108103930484504],[-5923140.398546372540295,-2738910.978166732471436],[-5923180.317715759389102,-2738966.042176285758615],[-5923162.662444530054927,-2739054.646573515608907],[-5923215.149584440514445,-2739109.893700534943491],[-5923196.815264295786619,-2739142.983632727526128],[-5923206.834018466994166,-2739188.771545333787799],[-5923132.762029292993248,-2739222.640807499177754],[-5923162.562256977893412,-2739287.542893246747553],[-5923095.703770819120109,-2739419.405373299494386],[-5923085.573697156272829,-2739569.591885779518634],[-5923205.375733148306608,-2739648.642479304689914],[-5923217.954835607670248,-2739844.474897590465844],[-5923198.106570388190448,-2739914.164310769177973],[-5923246.797715661115944,-2739984.450608841143548],[-5923214.181104859337211,-2740090.897266002371907],[-5923150.28371715452522,-2740101.526143644470721],[-5923102.872746014967561,-2740153.246145421639085],[-5923064.456389741972089,-2740241.297160649672151],[-5922974.031567381694913,-2740323.674980443436652],[-5922984.918613580986857,-2740410.022398074623197],[-5922938.164427448064089,-2740481.759783655405045],[-5923070.133683783002198,-2740674.095999233424664],[-5923112.012076220475137,-2740769.747523395810276],[-5923269.718398827128112,-2740836.360581601038575],[-5923305.117996899411082,-2740899.333375399466604],[-5923284.880113473162055,-2741078.622146196197718],[-5923242.155692907050252,-2741154.222349192947149],[-5923280.293750451877713,-2741196.107623568736017],[-5923227.094165790826082,-2741227.460772540420294],[-5923202.225391559302807,-2741354.956104220822453],[-5923150.228057408705354,-2741446.118760840967298],[-5923104.55367033649236,-2741462.459177954588085],[-5923023.546476886607707,-2741540.715643188916147],[-5922996.239805784076452,-2741635.0939204772003],[-5922953.181426744908094,-2741689.936105462256819],[-5922962.610187615267932,-2741784.193513220641762],[-5922927.099270051345229,-2741799.718460113741457],[-5922918.5165373114869,-2741848.363392919767648],[-5923009.653804435394704,-2742071.937193885911256],[-5923007.316095128655434,-2742177.789129583630711],[-5922971.437823246233165,-2742318.625789375975728],[-5923092.497769483365119,-2742410.670765009243041],[-5923103.240100334398448,-2742445.034035874996334],[-5923099.477501556277275,-2742492.061426133848727],[-5923045.45415267534554,-2742592.460869117174298],[-5923026.741346271708608,-2742615.767756845336407],[-5922958.012692656368017,-2742626.593172534834594],[-5922947.259229846298695,-2742653.796780981123447],[-5923048.827133245766163,-2742811.697974074631929],[-5923143.059082191437483,-2742891.044926400762051],[-5923156.940622704103589,-2742931.035162680316716],[-5923128.888111024163663,-2743099.082942531909794],[-5923104.386691100895405,-2743120.710091530811042],[-5923101.314273155294359,-2743162.917214534245431],[-5923042.593241750262678,-2743202.49410612275824],[-5923046.990361647680402,-2743238.904934336896986],[-5923069.899912853725255,-2743248.37907000631094],[-5923019.661426657810807,-2743316.037716295570135],[-5923021.887816473841667,-2743349.039069417864084],[-5922984.439939770847559,-2743397.749680262524635],[-5922975.289477628655732,-2743488.181329177692533],[-5922925.362686007283628,-2743560.468569177668542],[-5922933.244105954654515,-2743617.679965978022665],[-5923016.344105832278728,-2743695.43567809369415],[-5923109.885873945429921,-2743782.60534218326211],[-5923144.628687023185194,-2743787.634844385553151],[-5923219.891794736497104,-2743721.216317777521908],[-5923283.399564244784415,-2743744.658835023641586],[-5923304.861962069757283,-2743777.429705989547074],[-5923309.74888770468533,-2743902.583155152387917],[-5923286.8393364995718,-2744030.100163181778044],[-5923302.568780548870564,-2744052.836806413251907],[-5923342.621533336117864,-2744046.345838487613946],[-5923398.169959242455661,-2743928.1449288520962],[-5923451.03558543138206,-2743878.957731872331351],[-5923561.197353509254754,-2743907.174285338725895],[-5923604.600822980515659,-2743986.465872463770211],[-5923590.363060107454658,-2744050.157607323955745],[-5923547.315813018009067,-2744104.448012452106923],[-5923543.586610064841807,-2744145.768762697000057],[-5923569.045377620495856,-2744167.79923358047381],[-5923630.293361444026232,-2744164.949519191402942],[-5923778.570923181250691,-2744102.998804497066885],[-5923719.092919260263443,-2743965.458616872318089],[-5923816.397286152467132,-2743886.946530831977725],[-5923893.051887512207031,-2743886.057533187326044],[-5923927.783568640239537,-2743913.299853694625199],[-5924024.62039368133992,-2744197.173242749646306],[-5923973.591539112851024,-2744705.077048044651747],[-5923912.922416619956493,-2744880.219674878753722],[-5923841.366247949190438,-2744968.662510318215936],[-5923714.762591069564223,-2745043.270554779097438],[-5923848.345980022102594,-2745148.801473597530276],[-5923925.534914925694466,-2745170.784633533563465],[-5923976.1852832371369,-2745166.99695115396753],[-5924119.264224753715098,-2745098.41691770311445],[-5924127.668846320360899,-2745140.690243387594819],[-5924019.343849828466773,-2745311.721168040763587],[-5923973.235316730104387,-2745424.062082790303975],[-5923845.507333006709814,-2745583.878891415894032],[-5923863.140340336598456,-2745618.395248299930245],[-5924110.269609908573329,-2745598.335803735535592],[-5924125.909998364746571,-2745756.546690196730196],[-5924051.927064783871174,-2745927.121488992124796],[-5924209.744706870056689,-2745982.319671049248427],[-5924218.071404781192541,-2746039.978349747601897],[-5924138.500232773832977,-2746091.218506404198706],[-5923923.353052917867899,-2746140.717119195032865],[-5923897.794097831472754,-2746214.465956652536988],[-5924006.653427878394723,-2746343.840888652950525],[-5924056.535691691562533,-2746439.782674024812877],[-5924220.787600368261337,-2746578.927926457021385],[-5924373.328698591329157,-2746899.768151823896915],[-5924539.08342039398849,-2746985.700997412204742],[-5924591.882254865951836,-2747169.639061891008168],[-5924687.583621112629771,-2747187.325293473899364],[-5924738.12266993150115,-2747225.09740155050531],[-5924871.461156004108489,-2747819.791686590760946],[-5924865.004625527188182,-2747900.479483471717685],[-5924778.353533892892301,-2748086.730524588841945],[-5924783.941772342659533,-2748144.068029356654733],[-5924811.05920028872788,-2748224.940213093068451],[-5924947.514632114209235,-2748392.191885464359075],[-5924961.284853113815188,-2748534.363298096694052],[-5924935.525522955693305,-2748604.054681664332747],[-5925027.876172518357635,-2748756.667831916362047],[-5924960.138262369669974,-2748823.266005217563361],[-5924941.625831050798297,-2748869.581564978230745],[-5925020.172863754443824,-2749006.933219384402037],[-5924967.674591885879636,-2749046.35427972394973],[-5924841.493949082680047,-2749059.949452048633248],[-5924834.280446067452431,-2749098.517899208702147],[-5924917.246862567029893,-2749147.25851388880983],[-5925124.200927890837193,-2749163.241472711786628],[-5925391.056011230684817,-2749107.191549140959978],[-5925853.90019004046917,-2748970.60648317495361],[-5925956.113746486604214,-2748899.792734907008708],[-5926155.086204329505563,-2748896.588886308018118],[-5926289.504489473998547,-2748936.801497286651284],[-5926308.707101624459028,-2749048.096312806475908],[-5926351.153223463334143,-2749085.933806056156754],[-5926377.680658130906522,-2749054.625893029384315],[-5926386.875648071058095,-2748912.035584441851825],[-5926448.780416901223361,-2748707.148795204702765],[-5926379.194603205658495,-2748509.464021924883127],[-5926347.390624686144292,-2748545.911508083809167],[-5926258.646726614795625,-2748554.121949472464621],[-5926194.582359675318003,-2748529.027735603041947],[-5926166.730223067104816,-2748460.579207518137991],[-5926034.271160972304642,-2748301.049857445992529],[-5926026.078046449460089,-2748258.780211101751775],[-5926096.075742271728814,-2748096.280670192092657],[-5926089.630343754775822,-2748054.121206379495561],[-5926023.050156311132014,-2747947.523193967994303],[-5926009.625025721266866,-2747820.875804314855486],[-5925826.604650896973908,-2747608.621600102167577],[-5925856.315823000855744,-2747189.030578551348299],[-5925796.670839834026992,-2747036.286491120234132],[-5925811.420672364532948,-2746997.650024213828146],[-5925897.826861117966473,-2746915.541757298167795],[-5925880.928562415763736,-2746804.27422971976921],[-5925894.899158510379493,-2746727.148694825358689],[-5925967.02305659558624,-2746576.016874344553798],[-5925986.136613164097071,-2746337.495134239085019],[-5926034.159841492772102,-2746232.857545570936054],[-5926004.78262787219137,-2745941.188968439586461],[-5926077.173692734912038,-2745920.800262064673007],[-5926110.335769031196833,-2745855.115678754169494],[-5926186.289057599380612,-2745823.095609623938799],[-5926234.67964025773108,-2745730.105021667201072],[-5926221.710919581353664,-2745641.852773344144225],[-5926304.554884629324079,-2745567.534192753490061],[-5926315.464194715954363,-2745532.506415903568268],[-5926308.039184680208564,-2745429.116468488704413],[-5926466.92549388948828,-2745326.616280026733875],[-5926600.208320216275752,-2745063.11006988491863],[-5926698.859652968123555,-2745019.338944664224982],[-5926747.76230526342988,-2744972.316177122760564],[-5926802.364515507593751,-2744679.477475557941943],[-5926843.797629981301725,-2744640.347476958762854],[-5926910.934414878487587,-2744516.016297471243888],[-5927005.466926460154355,-2744464.087099879980087],[-5927015.830771052278578,-2744406.860445874277502],[-5927058.811226448044181,-2744363.77313874149695],[-5927056.863135359250009,-2744237.093729581218213],[-5927113.491360325366259,-2744178.467399725224823],[-5927153.955995230004191,-2744093.58504515979439],[-5927376.483657324686646,-2743905.225794899277389],[-5927382.717548809945583,-2743841.717317152768373],[-5927349.86716706585139,-2743790.521024343091995],[-5927364.505680115893483,-2743751.904711046721786],[-5927394.851373305544257,-2743739.751125924289227],[-5927424.351038366556168,-2743681.857323219068348],[-5927565.582076335325837,-2743667.877110009081662],[-5927576.50251838285476,-2743629.236742101609707],[-5927614.48472862970084,-2743620.870560844894499],[-5927652.990140495821834,-2743555.877540193963796],[-5927701.414119001477957,-2743556.790874767582864],[-5927716.041500091552734,-2743519.380734011065215],[-5927885.380709486082196,-2743482.019393166061491],[-5928050.745813059620559,-2743306.55136226862669],[-5928228.834734419360757,-2743227.019651385955513],[-5928262.041338523849845,-2743149.473271548282355],[-5928303.908599022775888,-2743129.575282814446837],[-5928281.845075947232544,-2743084.055988273583353],[-5928322.543481780216098,-2742975.311925310175866],[-5928391.094024212099612,-2742974.471688555087894],[-5928485.158993920311332,-2742884.603146919049323],[-5928510.194747411645949,-2742780.402555013541132],[-5928493.908705896697938,-2742715.449537644162774],[-5928542.867017958313227,-2742656.999357495456934],[-5928523.096676382236183,-2742634.362148135434836],[-5928539.059891373850405,-2742549.354177157860249],[-5928656.001016451977193,-2742474.660544745158404],[-5928732.844860945828259,-2742246.514729353133589],[-5928778.307740987278521,-2742207.281191089190543],[-5928941.502114489674568,-2742170.105616455432028],[-5928952.845570601522923,-2742154.555950769688934],[-5928933.09749292396009,-2742105.082057956140488],[-5929014.850526962429285,-2742088.25390737876296],[-5929029.845262383110821,-2742065.033037361688912],[-5929013.859783506020904,-2742026.798433556221426],[-5929073.348919385112822,-2741918.280853774864227],[-5929179.313942660577595,-2741870.463706172071397],[-5929259.742274769581854,-2741876.819835068192333],[-5929273.946641794405878,-2741815.328657472971827],[-5929345.836768938228488,-2741760.30338954180479],[-5929352.705181519500911,-2741721.643352861516178],[-5929430.818068220280111,-2741712.596309156622738],[-5929475.601899355649948,-2741635.106096795760095],[-5929500.359354118816555,-2741519.589890339411795],[-5929652.188007600605488,-2741459.378606218378991],[-5929689.758335744030774,-2741424.177333253901452],[-5929696.9161790125072,-2741393.43259852938354],[-5929649.11558966524899,-2741271.160469570662826],[-5929692.697170311585069,-2741214.882977505214512],[-5929739.907766346819699,-2741089.044700509402901],[-5929739.072870165109634,-2741039.123650122899562],[-5929773.247953849844635,-2741026.996511533390731],[-5929712.244872882962227,-2740793.636143918614835],[-5929782.064457520842552,-2740631.091964622959495],[-5929774.227565368637443,-2740496.613797747995704],[-5929806.988891509361565,-2740396.532104788348079],[-5929837.167605463415384,-2740372.838891993742436],[-5929843.601872030645609,-2740291.970548301935196],[-5929904.037223571911454,-2740252.595777891110629],[-5929911.228462688624859,-2740213.93944321712479],[-5930099.169158994220197,-2740038.057362276129425],[-5930130.884081920608878,-2739991.499953459948301],[-5930133.466694107279181,-2739914.687834782060236],[-5930208.807725476101041,-2739844.389673142228276],[-5930241.802822536788881,-2739763.000523899681866],[-5930233.008582775481045,-2739686.128645610529929],[-5930324.91395437438041,-2739477.320025313645601],[-5930315.128971133381128,-2739339.21152410376817],[-5930354.491543077863753,-2739015.834913061000407],[-5930354.224376300349832,-2738788.968791887629777],[-5930720.354181518778205,-2738410.34643290983513],[-5930786.244188108481467,-2738240.327854467555881],[-5930781.591033404693007,-2738167.4320073495619],[-5930819.016646209172904,-2738136.084948973264545],[-5930825.673551747575402,-2738074.681416124105453],[-5930970.054931316524744,-2737903.193474856670946],[-5931001.747590346261859,-2737838.406651396304369],[-5931008.526947335340083,-2737687.433204439934343],[-5931079.415199072100222,-2737586.456367405597121],[-5931147.576123285107315,-2737550.764649179298431],[-5931212.798212930560112,-2737449.873899226542562],[-5931262.179539056494832,-2737429.897899477276951],[-5931376.716163134202361,-2737431.809069594368339],[-5931482.837033707648516,-2737387.840042487252504],[-5931583.570040926337242,-2737309.981567793060094],[-5931676.210121164098382,-2737296.165258878841996],[-5931706.132800278253853,-2737257.418793725315481],[-5931919.777167020365596,-2737131.015656259842217],[-5932261.939885870553553,-2736806.454923642333597],[-5932453.142243246547878,-2736707.516537024173886],[-5932526.579711334779859,-2736533.803753220941871],[-5932571.819952380843461,-2736490.409330217167735],[-5932577.864600743167102,-2736394.382096171844751],[-5932622.815411114133894,-2736343.623862906824797],[-5932636.440916786901653,-2736239.83169652055949],[-5932673.677286468446255,-2736181.563777300529182],[-5932706.683515477925539,-2735981.054155888501555],[-5932736.372423672117293,-2735923.079318292904645],[-5932723.993696307763457,-2735861.806123031768948],[-5932750.198304439894855,-2735822.807574447244406],[-5932860.01498210709542,-2735782.591943714302033],[-5932901.325645140372217,-2735735.876699960790575],[-5932904.475986729376018,-2735697.535735654179007],[-5933009.951204257085919,-2735603.558166270609945],[-5933060.601572557352483,-2735526.889145774766803],[-5933177.954579751007259,-2735485.71271660970524],[-5933283.285081939771771,-2735399.647875878494233],[-5933336.262027619406581,-2735383.313744734041393],[-5933398.088872806169093,-2735408.89821101911366],[-5933489.87179296463728,-2735411.332510636653751],[-5933523.145188751630485,-2735357.315490404609591],[-5933576.500620689243078,-2735352.422565307002515],[-5933682.755074662156403,-2735300.523572656791657],[-5933693.386086033657193,-2735249.03857745975256],[-5933763.205670647323132,-2735183.678435558453202],[-5933832.980727487243712,-2735037.099869306199253],[-5933866.376574725843966,-2734867.604505701456219],[-5933971.54009766690433,-2734635.382018156349659],[-5934011.592850465327501,-2734623.052900920156389],[-5934119.216534163802862,-2734444.811211624648422],[-5934192.954564866609871,-2734360.881919926032424],[-5934320.782736132852733,-2734251.857268237974495],[-5934451.137859851121902,-2734185.685830384492874],[-5934576.561530139297247,-2734053.124719054903835],[-5934698.779199081473053,-2733816.825007712002844],[-5934731.529393273405731,-2733482.292200234718621],[-5934807.48268183041364,-2733342.678451735060662],[-5934992.640390877611935,-2733216.781303897034377],[-5935046.686003646813333,-2733157.173705387860537],[-5935057.595313754864037,-2733151.575616643298417],[-5935057.762292991392314,-2733149.433739746455103],[-5935085.347262809984386,-2733092.954010942485183],[-5935086.749888394027948,-2733069.040547362994403],[-5935088.152513978071511,-2733045.114950324874371],[-5935075.016814064234495,-2732970.076919397339225],[-5935088.241569571197033,-2732905.590255677234381],[-5935097.937497207894921,-2732899.395947628188878],[-5935067.280109453946352,-2732810.911313519347459],[-5935058.374550190754235,-2732769.31604006420821],[-5935054.801194536499679,-2732698.514273096807301],[-5935049.569178469479084,-2732681.817855947185308],[-5935000.477283018641174,-2732525.283719158731401],[-5935880.201822920702398,-2732730.057406789623201],[-5937532.22759407851845,-2733114.59177153930068],[-5939547.433203971013427,-2733583.6930575016886],[-5940000.447871743701398,-2733689.135062366258353],[-5940652.089906948618591,-2733840.824796353001148],[-5940717.668218987062573,-2733867.672473349608481],[-5941353.758921317756176,-2733700.088219605386257],[-5942982.541182819753885,-2732727.83040105830878],[-5943528.11800719704479,-2732718.654654045589268],[-5943589.332595174200833,-2732686.174499527085572],[-5944227.482708105817437,-2732100.228898537810892],[-5945263.065667057409883,-2732166.805340015329421],[-5945987.365933903492987,-2731893.187816290650517],[-5946529.046576103195548,-2731870.042802292387933],[-5946871.944003582932055,-2732070.098618097603321],[-5947017.360654418356717,-2732098.26969841402024],[-5946843.813568271696568,-2733107.496822030749172],[-5947172.384177296422422,-2733347.485564269591123],[-5947387.765128072351217,-2733451.42908255616203],[-5947648.653486707247794,-2733651.152005969546735],[-5947776.581845515407622,-2733712.769551150966436],[-5948138.470378146506846,-2733822.459843247197568],[-5948223.273566232062876,-2733874.767764598596841],[-5948347.205555331893265,-2733980.199543944559991],[-5948431.50780569948256,-2734105.360382086131722],[-5948578.727832284756005,-2734233.418813223019242],[-5948622.209225387312472,-2734320.949941208586097],[-5948695.735749046318233,-2734377.397552967071533],[-5948777.622366484254599,-2734479.583092195913196],[-5948933.04663952998817,-2734526.026857616845518],[-5949029.772145080380142,-2734604.869600505102426],[-5949241.212385893799365,-2734689.76169457193464],[-5949334.631702567450702,-2734803.207455539144576],[-5949367.025674387812614,-2734902.669424704276025],[-5949467.14642439596355,-2735066.030862641055137],[-5949560.164990914985538,-2735367.929004784673452],[-5949607.197475774213672,-2735386.916502458974719],[-5949633.268500506877899,-2735397.457007841672748],[-5949664.28211064171046,-2735431.646755596157163],[-5949737.663918984122574,-2735587.649831172078848],[-5949830.081360240466893,-2735624.493413642980158],[-5950085.682043050415814,-2735850.66888724360615],[-5950166.633576755411923,-2735887.464396710973233],[-5950428.880033167079091,-2735925.294603153597564],[-5950571.79199543595314,-2736018.933274704031646],[-5950659.378170803189278,-2736005.751038894522935],[-5950989.340273451991379,-2735880.867246462963521],[-5951073.631391881033778,-2735898.552970994729549],[-5951180.00829728320241,-2735973.580587279517204],[-5951355.926488583907485,-2735982.052254883572459],[-5951401.656535401940346,-2735996.731620750389993],[-5951456.180822003632784,-2736057.055924451444298],[-5951446.329047068953514,-2736131.889541976619512],[-5951432.781465027481318,-2736234.670710662379861],[-5951429.297164976596832,-2736261.254674803931266],[-5951485.135021558962762,-2736290.918244472704828],[-5951500.085229172371328,-2736267.559852362144738],[-5951613.965068253688514,-2736238.760548382531852],[-5951662.767533017322421,-2736191.800511257722974],[-5951688.371015889570117,-2736126.071300686337054],[-5951687.669703097082675,-2736085.988788792863488],[-5951687.02405006159097,-2736049.253676041960716],[-5951650.811819706112146,-2736001.66126162],[-5951620.688765486702323,-2735962.07811481738463],[-5951630.039602724835277,-2735943.893270723056048],[-5951646.670734649524093,-2735911.625570215284824],[-5951675.636066153645515,-2735894.39019027678296],[-5951759.804733142256737,-2735844.351704526692629],[-5951832.897110796533525,-2735762.325933806598186],[-5951963.174310862086713,-2735698.971998680848628],[-5952056.226273226551712,-2735716.353225864935666],[-5952149.267103631049395,-2735733.734472206328064],[-5952395.561476999893785,-2735622.022566137369722],[-5952470.869112522341311,-2735559.229088805150241],[-5952595.569206108339131,-2735380.124817985575646],[-5952628.764678274281323,-2735298.929117564577609],[-5952855.689460244961083,-2735191.102944571059197],[-5952886.703070379793644,-2735163.875704884994775],[-5952904.692300102673471,-2735148.089526196941733],[-5953066.061033957637846,-2735099.246191336773336],[-5953219.670799302868545,-2734958.607929574791342],[-5953428.417108438909054,-2734862.565679597202688],[-5953613.730664751492441,-2734655.561383821070194],[-5953749.45138793811202,-2734564.851808354724199],[-5953801.62683327216655,-2734490.865409441292286],[-5953858.344113821163774,-2734459.209219379350543],[-5953928.519920827820897,-2734360.285556184127927],[-5953996.29122681170702,-2734264.782455496955663],[-5954076.24088511057198,-2734244.080253885127604],[-5954102.01134722866118,-2734309.010530439671129],[-5954144.346149576827884,-2734327.400391140021384],[-5954177.307850790210068,-2734293.079159499611706],[-5954208.065426096320152,-2734261.046077313832939],[-5954215.512700041756034,-2734260.303670024964958],[-5954308.419947045855224,-2734251.078349580522627],[-5954563.374976821243763,-2734273.873907130211592],[-5954739.771841932088137,-2734235.609519621822983],[-5954766.143429301679134,-2734220.578845716547221],[-5954808.199932912364602,-2734196.627161739394069],[-5955006.649189160205424,-2734192.939481905661523],[-5955085.964326339773834,-2734134.107109179254621],[-5955133.163790435530245,-2734124.480235793627799],[-5955169.620923682115972,-2734117.044058244675398],[-5955225.670287284068763,-2734058.577082123607397],[-5955231.592484205961227,-2733958.487574258819222],[-5955272.914279176853597,-2733923.363901830743998],[-5955289.378431865945458,-2733869.145080695394427],[-5955410.327058623544872,-2733812.102944048587233],[-5955546.737962642684579,-2733799.40936243860051],[-5955580.823990711942315,-2733737.329011086840183],[-5955630.160789030604064,-2733721.252174965105951],[-5955693.367995902895927,-2733739.823903840966523],[-5955871.991250841878355,-2733591.676638019736856],[-5956210.792121060192585,-2733601.21799563197419],[-5956253.093527573160827,-2733565.218872930854559],[-5956275.557800814509392,-2733513.763880017679185],[-5956274.110647422261536,-2733427.502905884757638],[-5956310.434197280555964,-2733383.897968138568103],[-5956395.782850871793926,-2733378.372818564064801],[-5956465.780546682886779,-2733357.52574076782912],[-5956530.869052949361503,-2733305.450761352665722],[-5956612.622086987830698,-2733300.010828332509845],[-5956930.550552693195641,-2733212.120268776081502],[-5957209.227765934541821,-2733003.214818689972162],[-5957317.26333174854517,-2732946.346185948234051],[-5957461.121509712189436,-2732928.164817372336984],[-5957553.639138510450721,-2732871.673710735980421],[-5957662.220169830136001,-2732846.10552750620991],[-5957862.550725450739264,-2732830.747600123751909],[-5957923.531542507000268,-2732759.105865351855755],[-5958035.329707122407854,-2732686.527412061113864],[-5958065.196726500988007,-2732611.697964414022863],[-5958103.54629108030349,-2732579.631786679849029],[-5958285.253095890395343,-2732509.81658055447042],[-5958386.464776931330562,-2732500.044666800182313],[-5958449.070858553051949,-2732401.157620831858367],[-5958638.458708228543401,-2732323.238569640554488],[-5958749.856122676283121,-2732234.830179006326944],[-5958798.892358371056616,-2732143.805952683091164],[-5958988.758881867863238,-2731983.370946807321161],[-5959026.184494662098587,-2731900.428245604969561],[-5959134.509491164237261,-2731784.545268658082932],[-5959600.17005308996886,-2731440.673655114602298],[-5959609.198063804768026,-2731442.401573305949569],[-5959612.203690055757761,-2731437.887083229143173],[-5959637.350763015449047,-2731401.588682870846242],[-5959651.165511823259294,-2731378.152348015457392],[-5959651.877956573851407,-2731356.833344645332545],[-5959645.087467624805868,-2731341.428192300256342],[-5959636.081720819696784,-2731332.228914185892791],[-5959612.860475040972233,-2731310.909972819499671],[-5959581.190079921856523,-2731287.011376384180039],[-5959562.800100030377507,-2731270.827520524617285],[-5959558.135813376866281,-2731253.743227531667799],[-5959557.835250752978027,-2731242.110343439970165],[-5959561.831620472483337,-2731230.806011342909187],[-5959564.369704862125218,-2731223.651066917926073],[-5959574.711285556666553,-2731216.666481415741146],[-5959586.444359886460006,-2731219.06362974550575],[-5959596.797072518616915,-2731227.544913816265762],[-5959606.270361196249723,-2731235.296105693094432],[-5959624.337514552287757,-2731238.350344021804631],[-5959637.506610313430429,-2731230.294943786691874],[-5959646.067079154774547,-2731217.980654059909284],[-5959646.835183630697429,-2731200.129818337969482],[-5959637.417554721236229,-2731184.651809410192072],[-5959586.744922500103712,-2731146.674777859821916],[-5959581.501774495467544,-2731138.826283850241452],[-5959580.310655944049358,-2731123.920240081846714],[-5959594.092008892446756,-2731104.292956545948982],[-5959593.435223908163607,-2731080.272991160862148],[-5959543.864654658362269,-2731054.561690776608884],[-5959533.734580995514989,-2731045.180057754274458],[-5959541.014875682070851,-2731024.518582099583],[-5959560.651633869856596,-2731010.841624879743904],[-5959580.433107384480536,-2730974.106155126355588],[-5959578.830106715671718,-2730944.209216160699725],[-5959569.701908471062779,-2730917.828895346261561],[-5959556.77771557867527,-2730899.552518107928336],[-5959543.942578290589154,-2730889.586912530474365],[-5959500.249678164720535,-2730874.70543994801119],[-5959473.310361381620169,-2730864.496490177698433],[-5959455.443583120591938,-2730849.882736850529909],[-5959453.039082120172679,-2730831.959309319034219],[-5959464.226690945215523,-2730797.828194976784289],[-5959463.302739170379937,-2730777.824110903777182],[-5959457.157903279177845,-2730764.877442256081849],[-5959448.419323251582682,-2730737.730843470897526],[-5959449.298747218213975,-2730721.109506613574922],[-5959455.922256930731237,-2730694.875572721939534],[-5959461.655210696160793,-2730685.275131939910352],[-5959457.981667511165142,-2730678.217777408193797],[-5959449.677233498543501,-2730676.003228878136724],[-5959435.55079011619091,-2730678.631484312005341],[-5959389.976590574719012,-2730705.558959831949323],[-5959380.636885297484696,-2730711.655064382590353],[-5959366.41025438439101,-2730708.35757040604949],[-5959360.254286533221602,-2730694.218508159276098],[-5959373.323194762691855,-2730632.272042920812964],[-5959372.009624771773815,-2730625.178208629135042],[-5959367.245150565169752,-2730622.890660701785237],[-5959360.165230950340629,-2730623.012338774744421],[-5959335.608151271007955,-2730636.506442944984883],[-5959321.392652296461165,-2730634.389242792036384],[-5959310.583529739640653,-2730623.900588741526008],[-5959312.776523720473051,-2730614.373197872191668],[-5959333.303837822750211,-2730573.647621272597462],[-5959346.005391721613705,-2730556.807437444571406],[-5959345.871808332391083,-2730549.689301538281143],[-5959341.029410483315587,-2730542.656343083828688],[-5959332.758372317999601,-2730542.802356018219143],[-5959323.340743385255337,-2730544.165143598336726],[-5959274.47148693818599,-2730585.389523098245263],[-5959264.096510385163128,-2730599.820514895953238],[-5959256.348673837259412,-2730601.913374833762646],[-5959253.988700621761382,-2730593.128232057671994],[-5959250.426476926542819,-2730577.748160097748041],[-5959255.435854012146592,-2730510.959397824946791],[-5959252.819845979101956,-2730496.771841415669769],[-5959249.190830579027534,-2730492.087273695506155],[-5959244.415224423632026,-2730488.607310004066676],[-5959233.806476951576769,-2730489.99442830728367],[-5959221.138318899087608,-2730508.014809608459473],[-5959214.136322928592563,-2730512.894065598025918],[-5959204.651902312412858,-2730510.691707975696772],[-5959191.493938489817083,-2730501.4320750948973],[-5959191.360355111770332,-2730493.559566257987171],[-5959191.326959265395999,-2730491.941261219326407],[-5959200.165726833976805,-2730457.360677350312471],[-5959200.121199037879705,-2730456.971311589237303],[-5959198.729705402627587,-2730443.148833724204451],[-5959192.740716798231006,-2730438.50078490190208],[-5959184.458546683192253,-2730437.466533374041319],[-5959170.376631097868085,-2730442.467444282956421],[-5959157.385646522045135,-2730442.698629971127957],[-5959149.014420814812183,-2730436.918988480698317],[-5959143.170147536322474,-2730424.812167387921363],[-5959131.381413460709155,-2730417.876605694647878],[-5959089.39170153439045,-2730407.619280593004078],[-5959029.702190570533276,-2730390.085718921385705],[-5958971.137006465345621,-2730379.353874674532562],[-5958938.943409726954997,-2730376.616160472854972],[-5958912.638614064082503,-2730383.807224122807384],[-5958893.090911469422281,-2730392.71392677584663],[-5958875.290924903005362,-2730400.829738094937056],[-5958855.876805708743632,-2730393.407481712754816],[-5958846.960114495828748,-2730380.497630957514048],[-5958845.290322134271264,-2730365.239442091435194],[-5958845.79125983081758,-2730358.352576966397464],[-5958846.882190841250122,-2730343.435102050192654],[-5958840.336604793556035,-2730334.139064458664507],[-5958819.876082385890186,-2730321.229262134525925],[-5958763.904642414301634,-2730302.503375374246389],[-5958727.581092569045722,-2730291.795925711281598],[-5958711.918440203182399,-2730291.114542797673494],[-5958690.89018839225173,-2730297.612016793340445],[-5958668.893457022495568,-2730297.624184349551797],[-5958644.870710909366608,-2730282.962285215500742],[-5958609.838467146269977,-2730255.013457951135933],[-5958590.546799402683973,-2730250.937337934970856],[-5958576.219980937428772,-2730260.488844686187804],[-5958563.585218732245266,-2730264.212108748964965],[-5958551.629505421966314,-2730256.376220694277436],[-5958543.514314531348646,-2730241.71435983851552],[-5958528.664294471032917,-2730221.820487432647496],[-5958527.406384224072099,-2730220.129205245058984],[-5958523.064924083650112,-2730205.528215468861163],[-5958530.144843687303364,-2730196.03757933806628],[-5958534.163477305322886,-2730190.6473872596398],[-5958541.410376166924834,-2730180.974248086102307],[-5958542.835265636444092,-2730158.415780456736684],[-5958540.48642439302057,-2730146.649861110374331],[-5958529.421267008408904,-2730133.338686781469733],[-5958509.38375866599381,-2730131.842092930804938],[-5958485.138373570516706,-2730136.18586573144421],[-5958469.909867229871452,-2730126.634434128645808],[-5958458.276980441994965,-2730106.959720002952963],[-5958454.503249703906476,-2730093.806755322962999],[-5958456.128514259122312,-2730069.666652507148683],[-5958474.229063461534679,-2730053.338035334367305],[-5958482.166143165901303,-2730044.699205949902534],[-5958478.960141831077635,-2730031.594962506555021],[-5958467.805928843095899,-2730026.107487759552896],[-5958423.54529931396246,-2730022.262606357689947],[-5958387.711555217392743,-2730013.100598423741758],[-5958375.510939037427306,-2730004.44962372072041],[-5958366.605379762127995,-2729986.186470418702811],[-5958369.733457453548908,-2729973.544633171055466],[-5958371.36985397990793,-2729966.962121342308819],[-5958384.149331523105502,-2729956.011553210671991],[-5958404.609853930771351,-2729953.286079666111618],[-5958422.743798980489373,-2729950.876956098247319],[-5958446.677489490248263,-2729942.055673502385616],[-5958449.616324058733881,-2729925.203995587304235],[-5958430.79219816531986,-2729895.442881217692047],[-5958430.602955020032823,-2729884.723540200851858],[-5958444.43996773660183,-2729868.370779696851969],[-5958445.085620783269405,-2729852.492557455319911],[-5958436.302512959577143,-2729840.276679326314479],[-5958395.6375029720366,-2729820.006129484158009],[-5958391.340570616535842,-2729812.620647499337792],[-5958392.130939001217484,-2729805.782691956032068],[-5958392.342446045018733,-2729803.969782533589751],[-5958402.350068256258965,-2729793.055828875862062],[-5958406.702660357579589,-2729791.072580580133945],[-5958446.009572556242347,-2729773.150354181416333],[-5958451.653470728546381,-2729764.876692373305559],[-5958451.286116409115493,-2729743.876211430411786],[-5958440.521521660499275,-2729724.712992733344436],[-5958398.943691837601364,-2729705.379457852337509],[-5958395.147697201929986,-2729699.855595103465021],[-5958397.407482876442373,-2729683.709866343997419],[-5958404.08665232360363,-2729669.121539309620857],[-5958402.11629733722657,-2729648.863376094494015],[-5958387.81174277048558,-2729626.244832931086421],[-5958354.193256539292634,-2729598.163330052047968],[-5958352.668179525993764,-2729590.729283714666963],[-5958355.673805777914822,-2729586.409994875546545],[-5958364.64615673571825,-2729573.476469488814473],[-5958374.698306754231453,-2729569.437026284635067],[-5958408.339056861586869,-2729555.89516547229141],[-5958412.880892097018659,-2729550.675529515836388],[-5958412.379954387433827,-2729535.065299815498292],[-5958410.398467440158129,-2729528.105794757604599],[-5958401.459512340836227,-2729520.793450937140733],[-5958377.692801045253873,-2729512.81192812602967],[-5958366.883678500540555,-2729504.149060355499387],[-5958363.688809114508331,-2729493.709824322722852],[-5958373.99699396174401,-2729473.914229011163116],[-5958369.777985260821879,-2729457.428057618439198],[-5958357.098695249296725,-2729448.327211688272655],[-5958340.857181542553008,-2729446.283172161318362],[-5958325.884710030630231,-2729438.605859337374568],[-5958312.448447502218187,-2729425.088444430846721],[-5958305.26834034640342,-2729411.692709807772189],[-5958302.051207051612437,-2729374.182279947213829],[-5958307.784160838462412,-2729357.757046759594232],[-5958327.621294097974896,-2729340.358485040720552],[-5958333.365379822440445,-2729324.395625681150705],[-5958333.265192281454802,-2729305.488418291788548],[-5958317.546880180947483,-2729281.045350398402661],[-5958299.468594876118004,-2729267.601070828735828],[-5958282.369921091012657,-2729233.436835375148803],[-5958271.605326330289245,-2729227.097966478206217],[-5958252.079887645319104,-2729223.228946020361036],[-5958238.343062480911613,-2729232.329662315081805],[-5958223.070028345100582,-2729233.083999984432012],[-5958207.296056488528848,-2729232.426996205467731],[-5958200.294060528278351,-2729228.825642586220056],[-5958189.139847539365292,-2729213.386064914986491],[-5958209.967724266462028,-2729147.357402910478413],[-5958195.217891736887395,-2729120.031083253677934],[-5958160.998280268162489,-2729108.497103199828416],[-5958136.051582392305136,-2729109.348768104799092],[-5958086.981950839050114,-2729101.197120173368603],[-5958059.575092205777764,-2729091.11098250746727],[-5958021.203263740055263,-2729069.393566800747067],[-5957999.251060156151652,-2729046.228356258478016],[-5957994.353002561256289,-2729031.385119472164661],[-5957979.725621471181512,-2729016.249898927286267],[-5957968.41556120570749,-2729013.561087135691196],[-5957959.465474145486951,-2729018.160050560254604],[-5957941.732279262505472,-2729051.094994320999831],[-5957940.184938340447843,-2729053.978478061035275],[-5957925.023223684169352,-2729061.241939475294203],[-5957922.017597432248294,-2729060.901274532545358],[-5957914.336552567780018,-2729060.037445632740855],[-5957900.967081723734736,-2729050.24333255412057],[-5957876.810752232559025,-2729020.812363401520997],[-5957893.720182884484529,-2729011.748268590308726],[-5957904.395722039975226,-2728995.007081675808877],[-5957918.421977891586721,-2728981.514379231724888],[-5957942.088501633144915,-2728954.602008060086519],[-5957938.99381978996098,-2728934.064931060187519],[-5957937.268367670476437,-2728914.975693227723241],[-5957901.412359686568379,-2728891.579546004999429],[-5957909.060008714906871,-2728878.841252638958395],[-5957931.991823818534613,-2728865.37298228032887],[-5957935.676498963497579,-2728851.065238806884736],[-5957922.284764221869409,-2728826.951367123518139],[-5957882.565969906747341,-2728820.98982025962323],[-5957875.831140702590346,-2728806.803781050257385],[-5957882.142955841496587,-2728791.242951653897762],[-5957918.132547203451395,-2728778.468239999841899],[-5957932.058615501970053,-2728759.452188326511532],[-5957911.943183515220881,-2728738.842366729397327],[-5957889.712681215256453,-2728722.697619704529643],[-5957866.55822713021189,-2728716.480619029607624],[-5957573.86588997580111,-2728734.097488336730748],[-5957562.656017264351249,-2728728.707794879563153],[-5957557.424001197330654,-2728721.32282286696136],[-5957560.140196773223579,-2728702.087846027687192],[-5957583.038616017438471,-2728689.374037995934486],[-5957606.671743924729526,-2728664.84675879497081],[-5957597.610337374731898,-2728648.458761600777507],[-5957569.023492126725614,-2728645.648349534254521],[-5957542.830015954561532,-2728653.848427684511989],[-5957552.759714521467686,-2728640.69667234737426],[-5957564.303545729257166,-2728625.318500509019941],[-5957578.407725212164223,-2728617.897077983245254],[-5957590.185327326878905,-2728601.131975688505918],[-5957588.637986404821277,-2728575.777529667131603],[-5957587.513659548014402,-2728511.795449572615325],[-5957582.381831033155322,-2728469.956005373969674],[-5957581.914289160631597,-2728443.482485807035118],[-5957570.225742639042437,-2728402.859832182060927],[-5957563.980719204992056,-2728359.925730419810861],[-5957546.425635496154428,-2728334.243188021238893],[-5957519.163492212072015,-2728291.357936657033861],[-5957472.208930995315313,-2728262.767833709716797],[-5957426.790578740648925,-2728258.558401631657034],[-5957390.567216447554529,-2728247.840170718729496],[-5957350.403144169598818,-2728234.311608118470758],[-5957307.300237323157489,-2728220.101763466838747],[-5957264.097142957150936,-2728200.283431239891797],[-5957239.562327175401151,-2728181.998030746355653],[-5957211.587739138863981,-2728180.623280920088291],[-5957164.989400292746723,-2728179.57701122853905],[-5957140.777411056682467,-2728180.002818665467203],[-5957109.05135618057102,-2728176.827512151096016],[-5957082.846748047508299,-2728169.807775492314249],[-5957067.807484829798341,-2728162.581221426371485],[-5957054.215375004336238,-2728162.8245396791026],[-5957049.183734020218253,-2728162.909701071679592],[-5957043.706815084442496,-2728157.532368260901421],[-5957035.76973539032042,-2728149.746188244782388],[-5957018.927096422761679,-2728137.239644632209092],[-5957014.964122561737895,-2728124.197812011931092],[-5957009.11984929535538,-2728109.331109205726534],[-5956997.876580713316798,-2728105.778674941044301],[-5956981.111865411512554,-2728106.082821679767221],[-5956975.724002046510577,-2728117.409250409342349],[-5956968.532762952148914,-2728132.519278585445136],[-5956955.564042273908854,-2728136.497525135986507],[-5956929.326038283295929,-2728127.604259779211134],[-5956920.754437504336238,-2728119.28279579244554],[-5956910.36832901276648,-2728109.209450483787805],[-5956899.069400685839355,-2728085.70500309811905],[-5956898.768838072195649,-2728085.084544554818422],[-5956889.095174321904778,-2728064.658089687116444],[-5956882.950338429771364,-2728032.929616518318653],[-5956871.0614168131724,-2728019.157921757083386],[-5956863.079809323884547,-2728001.639175453223288],[-5956854.163118110969663,-2727994.072056311648339],[-5956844.15549588855356,-2727986.529272334650159],[-5956827.368516677059233,-2727968.073798355646431],[-5956806.89686232060194,-2727946.284930978901684],[-5956776.963051235303283,-2727939.326125386171043],[-5956737.722930741496384,-2727932.537643161136657],[-5956726.346078781411052,-2727932.744460677262396],[-5956709.781738541088998,-2727933.036438337992877],[-5956685.50295760948211,-2727929.72735836263746],[-5956685.43616590462625,-2727925.980312739964575],[-5956682.964873208664358,-2727903.680543365422636],[-5956679.714344088919461,-2727874.373365649953485],[-5956643.502113733440638,-2727866.830638788640499],[-5956629.843212213367224,-2727863.983868617098778],[-5956630.14377482701093,-2727841.088069045450538],[-5956630.533393044956028,-2727812.413620796054602],[-5956630.321886023506522,-2727812.085148430429399],[-5956614.058108419179916,-2727786.938783388584852],[-5956626.537023326382041,-2727767.376471913419664],[-5956648.021685060113668,-2727770.466536905616522],[-5956676.363627416081727,-2727774.542017275001854],[-5956685.669936846010387,-2727756.658573949243873],[-5956670.675201435573399,-2727724.699572899378836],[-5956647.932629466988146,-2727680.039805631618947],[-5956627.605690437369049,-2727652.716022215317935],[-5956617.386561182327569,-2727633.032221737317741],[-5956608.258362948894501,-2727613.33628025976941],[-5956592.762689819559455,-2727605.891001795418561],[-5956576.665891449898481,-2727626.037057493347675],[-5956576.365328836254776,-2727649.054200864396989],[-5956563.519059599377215,-2727647.667331869248301],[-5956552.097679832018912,-2727636.596715309191495],[-5956548.446400533430278,-2727633.044387231115252],[-5956534.164109876379371,-2727619.187882308382541],[-5956528.843038216233253,-2727590.282692486420274],[-5956538.11595178861171,-2727571.231573523487896],[-5956546.498309444636106,-2727554.005294158589095],[-5956543.592870746739209,-2727546.584374519530684],[-5956522.987633000127971,-2727530.781476902775466],[-5956498.809039601124823,-2727523.153755990322679],[-5956462.541149500757456,-2727557.630597166251391],[-5956444.99719775095582,-2727562.776582366786897],[-5956428.688892350532115,-2727546.949337699450552],[-5956422.666507897898555,-2727520.69634109409526],[-5956419.549562145024538,-2727506.316822057124227],[-5956419.137680039741099,-2727504.419018488842994],[-5956422.878014930523932,-2727492.922713284380734],[-5956429.701899716630578,-2727486.268242026679218],[-5956437.928410074673593,-2727479.58944279467687],[-5956471.65821579657495,-2727477.217192367650568],[-5956482.333754952065647,-2727476.475103849545121],[-5956487.198416710831225,-2727467.776855783071369],[-5956486.508235868066549,-2727454.735575336031616],[-5956455.505757682025433,-2727430.477849098388106],[-5956454.314639130607247,-2727420.976713703479618],[-5956454.548410061746836,-2727420.757737538777292],[-5956454.370298875495791,-2727419.383053907658905],[-5956450.652227872982621,-2727391.451454864814878],[-5956483.580533260479569,-2727386.488005133811384],[-5956499.588276024907827,-2727381.585383544210345],[-5956505.900091163814068,-2727379.638933702372015],[-5956506.311973269097507,-2727375.952844970393926],[-5956506.356501076370478,-2727375.575720430817455],[-5956507.614411323331296,-2727364.310649559833109],[-5956506.95762631483376,-2727339.347475786227733],[-5956493.744002770632505,-2727325.600715623237193],[-5956450.997318305075169,-2727313.167815384455025],[-5956419.527298257686198,-2727305.856496050953865],[-5956413.927927871234715,-2727284.956603483296931],[-5956434.288262736983597,-2727254.409720552153885],[-5956431.382824027910829,-2727237.402759925927967],[-5956399.512053802609444,-2727207.780522390734404],[-5956378.138711581006646,-2727180.591371682472527],[-5956347.882073983550072,-2727182.257998367771506],[-5956342.917224682867527,-2727182.537797025404871],[-5956336.249187183566391,-2727174.776427385862917],[-5956338.943118873052299,-2727169.752219935879111],[-5956347.637171103619039,-2727153.572579633444548],[-5956347.49245576467365,-2727145.701738042756915],[-5956343.484954085201025,-2727140.531558295246214],[-5956334.278832196258008,-2727136.748204302974045],[-5956317.02431112434715,-2727121.310669583734125],[-5956315.154143690131605,-2727108.135858726222068],[-5956314.052080730907619,-2727100.36236051376909],[-5956325.428932690061629,-2727079.158612506929785],[-5956327.87796148750931,-2727069.93748485436663],[-5956327.722114189527929,-2727060.752857759594917],[-5956318.493728403002024,-2727055.65569614013657],[-5956305.435952132567763,-2727055.898997384589165],[-5956297.621323890052736,-2727057.346639785449952],[-5956288.303882511332631,-2727047.006339760031551],[-5956284.274116932414472,-2727040.522366831079125],[-5956282.849227461032569,-2727033.977571325842291],[-5956282.593192633241415,-2727019.549834690522403],[-5956286.233339981175959,-2727003.735298705752939],[-5956286.032964898273349,-2726991.923067134805024],[-5956280.622837645933032,-2726981.521984849590808],[-5956279.153420367278159,-2726972.361739095300436],[-5956272.463118971325457,-2726963.298818571958691],[-5956268.544672895222902,-2726963.359643525443971],[-5956258.169696353375912,-2726967.483575847931206],[-5956250.366200048476458,-2726968.943375173490494],[-5956242.395724495872855,-2726961.206440343521535],[-5956236.829749967902899,-2726941.620820335112512],[-5956231.441886614076793,-2726932.52142252586782],[-5956220.855403038673103,-2726924.833165354561061],[-5956208.966481423005462,-2726917.181406788527966],[-5956197.11095564160496,-2726910.819136597216129],[-5956183.908464044332504,-2726903.179549741093069],[-5956172.008410467766225,-2726894.213988370262086],[-5956162.702101048082113,-2726885.18760740570724],[-5956153.362395769916475,-2726873.533608350902796],[-5956151.892978481948376,-2726864.373425140976906],[-5956154.252951686270535,-2726849.897183619905263],[-5956150.145262476056814,-2726839.471864942461252],[-5956142.219314742833376,-2726834.36260975478217],[-5956133.07998454850167,-2726834.52075334219262],[-5956125.365543835796416,-2726841.223609956912696],[-5956103.446736099198461,-2726857.36643600044772],[-5956093.049495659768581,-2726860.17653023544699],[-5956088.630111875012517,-2726859.142512805759907],[-5956087.806347631849349,-2726858.947874252684414],[-5956081.182837940752506,-2726853.826447856146842],[-5956075.783842637203634,-2726843.413291498553008],[-5956077.720801776275039,-2726838.620322294998914],[-5956079.53530946560204,-2726834.167971482034773],[-5956098.916032824665308,-2726822.003084985539317],[-5956101.431853305548429,-2726816.71136227529496],[-5956101.242610181681812,-2726806.213076239451766],[-5956092.437238459475338,-2726793.439968239050359],[-5956076.908169494010508,-2726775.338667109142989],[-5956054.811250572092831,-2726765.047210803255439],[-5956052.095054985024035,-2726758.526858967263252],[-5956051.816756258718669,-2726742.785572882276028],[-5956048.833393905311823,-2726721.837765157688409],[-5956036.899944491684437,-2726711.55850843526423],[-5956025.077814569696784,-2726707.82391624385491],[-5956006.877077836543322,-2726712.081594710238278],[-5955995.355510539375246,-2726725.41421817149967],[-5955983.722623751498759,-2726732.177852612454444],[-5955967.75940877199173,-2726725.037109141238034],[-5955963.974546085111797,-2726723.346201024483889],[-5955962.482864908874035,-2726712.872306565754116],[-5955963.518136171624064,-2726697.106736334972084],[-5955996.223802567459643,-2726656.379085998982191],[-5956015.916220488958061,-2726631.867124785669148],[-5956013.077573472633958,-2726618.790039421990514],[-5956002.535617684014142,-2726613.729514393489808],[-5955990.835939212702215,-2726616.563894791994244],[-5955972.579542722553015,-2726618.206132606603205],[-5955962.048718893900514,-2726613.133443055674434],[-5955948.734907794743776,-2726598.937219782732427],[-5955931.001712900586426,-2726585.434397140983492],[-5955914.515296325087547,-2726583.792162754107267],[-5955894.366468491964042,-2726584.157103716861457],[-5955893.631759852170944,-2726584.169268415309489],[-5955880.440400193445385,-2726576.529839340597391],[-5955872.325209302827716,-2726560.922545853536576],[-5955865.668303765356541,-2726553.161481266841292],[-5955832.906977624632418,-2726547.176462250296026],[-5955831.448692294768989,-2726538.016468040179461],[-5955836.458069380372763,-2726526.11943168612197],[-5955841.901592469774187,-2726517.020272916182876],[-5955842.803280345164239,-2726515.511856725905091],[-5955854.258055946789682,-2726498.250233291182667],[-5955855.304459171369672,-2726483.786491465754807],[-5955848.50283828470856,-2726468.167124887928367],[-5955816.687727805227041,-2726441.161714385729283],[-5955800.65772114135325,-2726428.096951256971806],[-5955786.854104272089899,-2726415.920212457422167],[-5955780.687004482373595,-2726416.029693595599383],[-5955777.102516888640821,-2726423.547399391885847],[-5955767.373193393461406,-2726432.415377341210842],[-5955757.476890651509166,-2726431.344894155394286],[-5955751.187339432537556,-2726425.250440038740635],[-5955745.966455303132534,-2726409.193206935655326],[-5955742.103668972849846,-2726400.568533168639988],[-5955730.99398379214108,-2726400.775330652482808],[-5955722.54483444057405,-2726412.100538098718971],[-5955714.02889340557158,-2726419.691229473799467],[-5955706.592751409858465,-2726418.584253420121968],[-5955701.516582640819252,-2726411.224689315073192],[-5955699.869054165668786,-2726387.661942676175386],[-5955697.253046132624149,-2726379.012951565440744],[-5955688.492202207446098,-2726372.967175757978112],[-5955677.337989240884781,-2726370.680243072565645],[-5955667.408290661871433,-2726368.368981640785933],[-5955663.6234279749915,-2726363.466675603296608],[-5955663.489844585768878,-2726356.021985488012433],[-5955675.144995272159576,-2726316.085905357263982],[-5955681.835296669043601,-2726274.98213770519942],[-5955680.210032102651894,-2726252.660367236938328],[-5955680.120976510457695,-2726247.697274879552424],[-5955675.011411871761084,-2726237.856245839968324],[-5955658.669710624031723,-2726222.005998095031828],[-5955642.161030150018632,-2726213.478741667699069],[-5955608.731787065044045,-2726183.019078694749624],[-5955583.072644426487386,-2726149.068301407620311],[-5955556.868036304600537,-2726122.051271276548505],[-5955537.286937862634659,-2726099.085007303394377],[-5955523.349737625569105,-2726082.906462124548852],[-5955518.451680031605065,-2726077.213564448524266],[-5955495.653448317199945,-2726053.38370089745149],[-5955483.463964075781405,-2726040.63552932580933],[-5955466.009067919105291,-2726024.748986355960369],[-5955454.309389435686171,-2726018.885809905361384],[-5955453.006951394490898,-2726018.24110392620787],[-5955451.57092996314168,-2726008.375889106187969],[-5955451.403950726613402,-2726007.183792049530894],[-5955449.945665397681296,-2726006.344458458945155],[-5955449.979061244055629,-2725997.634854554198682],[-5955445.481753816828132,-2725988.414357345551252],[-5955438.64673707075417,-2725985.385461661498994],[-5955428.627982899546623,-2725986.236958390567452],[-5955426.011974865570664,-2725986.455914696212858],[-5955419.288277621380985,-2725984.290680248755962],[-5955413.644379449076951,-2725982.69716519722715],[-5955411.607232756912708,-2725973.987574310507625],[-5955410.137815478257835,-2725968.404193868394941],[-5955407.365960168652236,-2725957.833485491573811],[-5955393.161593143828213,-2725940.803590442053974],[-5955375.283682921901345,-2725932.106186838820577],[-5955367.235283738002181,-2725941.898368870839477],[-5955359.031037255190313,-2725942.044339330866933],[-5955343.268197370693088,-2725902.352587691042572],[-5955332.303227515891194,-2725902.547214473597705],[-5955303.872229566797614,-2725920.963785824831575],[-5955282.309644212014973,-2725915.648036147002131],[-5955275.697266458533704,-2725910.526915160007775],[-5955270.264875307679176,-2725906.305944942869246],[-5955268.405839812010527,-2725868.122637278866023],[-5955294.899878608994186,-2725821.059617411345243],[-5955295.990809619426727,-2725811.571612785104662],[-5955296.970421148464084,-2725803.105398076586425],[-5955260.279516972601414,-2725742.832405617460608],[-5955245.329309370368719,-2725702.484296580310911],[-5955233.4515197025612,-2725702.69108492648229],[-5955223.677668410353363,-2725755.434368496295065],[-5955203.584500323049724,-2725760.555439307820052],[-5955197.907206292264163,-2725751.651345763821155],[-5955193.799517082050443,-2725745.204395936336368],[-5955203.083562614396214,-2725696.110350859817117],[-5955204.675431321375072,-2725687.680689959786832],[-5955186.574882118031383,-2725634.961960192769766],[-5955168.385277333669364,-2725582.012291419319808],[-5955172.849188915453851,-2725565.201751335058361],[-5955210.352725352160633,-2725537.066639928612858],[-5955200.623401856049895,-2725486.25813703564927],[-5955195.981379090808332,-2725462.064248419366777],[-5955180.296462848782539,-2725448.015023904852569],[-5955143.460843333974481,-2725447.46765177231282],[-5955119.593944508582354,-2725440.728894191328436],[-5955100.346804549917579,-2725426.728343829978257],[-5955085.719423459842801,-2725405.49034758657217],[-5955071.926938550546765,-2725363.926722615491599],[-5955048.182491174899042,-2725364.352454247884452],[-5955023.514092015102506,-2725380.31131679052487],[-5955003.376396131701767,-2725383.060329786967486],[-5954994.749135593883693,-2725365.289063864387572],[-5954991.342759177088737,-2725324.917590050492436],[-5954969.223576354794204,-2725325.890688540413976],[-5954934.013221418485045,-2725363.829412530642003],[-5954927.834989667870104,-2725370.482990991324186],[-5954864.906081521883607,-2725367.636670071166009],[-5954805.750904113985598,-2725340.998050255235285],[-5954721.593369086273015,-2725322.728118669707328],[-5954694.097454859875143,-2725302.730960753746331],[-5954657.896356442943215,-2725276.396542543079704],[-5954650.604929796420038,-2725274.243568950798362],[-5954607.335043735802174,-2725261.471697716973722],[-5954536.090569616295397,-2725262.724557021632791],[-5954456.808828284963965,-2725283.901543174870312],[-5954394.436517593450844,-2725312.668717938940972],[-5954327.71161481179297,-2725333.614659917075187],[-5954309.210315430536866,-2725327.204371606465429],[-5954277.205961838364601,-2725316.086724000517279],[-5954251.802854029461741,-2725307.280190325342119],[-5954134.104756413958967,-2725289.581991713028401],[-5954031.111963531002402,-2725271.360774260014296],[-5954012.165386198088527,-2725268.003596294671297],[-5954006.532619975507259,-2725264.597764304373413],[-5953983.867971649393439,-2725250.901461617555469],[-5953928.13030259963125,-2725217.195957291871309],[-5953872.359237711876631,-2725183.478361145127565],[-5953846.466324152424932,-2725164.211195582989603],[-5953778.91765714995563,-2725113.951250409241766],[-5953726.975982735864818,-2725019.963635070249438],[-5953669.056451674550772,-2724967.222802808973938],[-5953637.530771893449128,-2724938.504909702111036],[-5953634.135527413338423,-2724923.373605366796255],[-5953628.736532121896744,-2724899.290047931484878],[-5953613.452366035431623,-2724887.613184773363173],[-5953558.137711060233414,-2724880.643561200238764],[-5953553.150597873143852,-2724869.660024501848966],[-5953526.367128388024867,-2724810.631247430108488],[-5953459.386190777644515,-2724728.650578739587218],[-5953433.448749410919845,-2724695.615165203344077],[-5953415.604235037229955,-2724672.882072751410306],[-5953401.577979207970202,-2724655.02646176610142],[-5953321.416813877411187,-2724594.587557458784431],[-5953295.445976685732603,-2724568.582722554448992],[-5953252.387597646564245,-2724525.440090240910649],[-5953197.262185806408525,-2724475.230825784150511],[-5953139.6877451678738,-2724414.403390986379236],[-5953101.482895917259157,-2724377.038603930268437],[-5953077.593733203597367,-2724353.649167837109417],[-5953011.124865250661969,-2724301.518702993635088],[-5952974.779051506891847,-2724280.026795110665262],[-5952913.620123264379799,-2724243.87861516373232],[-5952891.122454175725579,-2724226.728935532271862],[-5952862.5578728383407,-2724204.945220293011516],[-5952828.861462964676321,-2724179.257259623613209],[-5952782.841985481791198,-2724133.160124094225466],[-5952675.786031184718013,-2724085.992798236664385],[-5952570.86741111241281,-2724032.391523473896086],[-5952537.716466753743589,-2724000.938715644180775],[-5952515.697471464052796,-2723980.04318798519671],[-5952484.984423965215683,-2723958.028721274342388],[-5952451.38820163346827,-2723921.467746403533965],[-5952434.90178504679352,-2723883.386528007220477],[-5952375.290197737514973,-2723835.380727844312787],[-5952302.709889740683138,-2723821.722149543929845],[-5952286.045361968688667,-2723818.328791310079396],[-5952244.890546223148704,-2723809.948780722916126],[-5952225.587746519595385,-2723806.02027219440788],[-5952183.453319242224097,-2723784.62633736571297],[-5952162.736762005835772,-2723777.29232315113768],[-5952154.521383586339653,-2723774.373313462827355],[-5952141.663982409983873,-2723769.824524426367134],[-5952103.347813678905368,-2723762.405379368923604],[-5952083.766715237870812,-2723758.622832974884659],[-5952024.14399597980082,-2723735.234310536645353],[-5951961.27074757963419,-2723699.695498603861779],[-5951911.922817311249673,-2723656.275497836992145],[-5951863.910720931366086,-2723602.15269442088902],[-5951827.53151133004576,-2723566.042549366131425],[-5951794.391698931343853,-2723533.143347779288888],[-5951760.36133058462292,-2723497.094171725679189],[-5951688.103849122300744,-2723424.837956340517849],[-5951641.460982480086386,-2723385.225490071810782],[-5951605.838745425455272,-2723357.56857971707359],[-5951592.947948392480612,-2723347.5712387887761],[-5951546.639040211215615,-2723327.19954780722037],[-5951513.777526528574526,-2723308.530588316731155],[-5951499.907117987051606,-2723281.822460463736206],[-5951476.107010855339468,-2723234.110375122632831],[-5951475.550413400866091,-2723201.394294667523354],[-5951477.16454600635916,-2723188.770040791947395],[-5951480.782429468818009,-2723171.402586602140218],[-5951482.363166227005422,-2723156.516212458722293],[-5951478.377928467467427,-2723154.606768421828747],[-5951471.620835364796221,-2723144.791986476164311],[-5951450.425604318268597,-2723124.20163962058723],[-5951412.699428900144994,-2723099.488393952604383],[-5951376.26455956324935,-2723095.037094940897077],[-5951373.12534992210567,-2723094.660072405356914],[-5951349.002416256815195,-2723095.073580993339419],[-5951315.194686912931502,-2723106.700473954435438],[-5951274.841371489688754,-2723120.638162347022444],[-5951225.437781486660242,-2723118.193593088537455],[-5951203.274070859886706,-2723105.338327067904174],[-5951167.841076950542629,-2723086.098014641553164],[-5951137.896133927628398,-2723066.760429611895233],[-5951109.275892844423652,-2722997.753416204825044],[-5951101.038250514306128,-2722964.806747598573565],[-5951100.125430701300502,-2722911.866009505931288],[-5951103.019737461581826,-2722888.649003758095205],[-5951113.506033483892679,-2722860.895665959920734],[-5951101.939938389696181,-2722825.784479643218219],[-5951076.369851366616786,-2722806.374241694808006],[-5951050.599389246664941,-2722774.838736683130264],[-5951022.7472526403144,-2722749.943609888199717],[-5951000.505618389695883,-2722732.686092589516193],[-5950963.636603039689362,-2722693.610472806263715],[-5950939.190842850133777,-2722675.282787671778351],[-5950913.821130909025669,-2722667.183100817725062],[-5950911.416629897430539,-2722667.669568380806595],[-5950905.004627238027751,-2722668.983030875679106],[-5950879.000394189730287,-2722648.028452413156629],[-5950862.981519452296197,-2722642.2638199031353],[-5950847.118492025882006,-2722620.652547505218536],[-5950846.673214063048363,-2722620.044464861508459],[-5950849.76789590716362,-2722599.904780818615109],[-5950850.647319884970784,-2722594.176650709938258],[-5950833.582041946239769,-2722578.548960241489112],[-5950832.168284401297569,-2722548.388169317040592],[-5950814.858103582635522,-2722536.542777632363141],[-5950813.388686315156519,-2722535.533365802373737],[-5950812.286623356863856,-2722529.221503005363047],[-5950808.501760658808053,-2722507.634707984980196],[-5950799.317902679555118,-2722488.577544940635562],[-5950782.230360842309892,-2722471.855420126114041],[-5950778.122671632096171,-2722448.322859834413975],[-5950777.421358839608729,-2722431.503485439810902],[-5950776.909289183095098,-2722419.256851700600237],[-5950780.059630772098899,-2722397.791821376886219],[-5950778.356442552059889,-2722386.724876591935754],[-5950772.979711146093905,-2722351.967423355206847],[-5950771.744064799509943,-2722331.669981553219259],[-5950769.840501517057419,-2722312.381963317282498],[-5950760.177969705313444,-2722294.334431574679911],[-5950757.884788206778467,-2722290.041457024868578],[-5950753.39861271623522,-2722286.283585085533559],[-5950739.606127806939185,-2722256.74358072085306],[-5950733.628271161578596,-2722243.925497983582318],[-5950735.542966403998435,-2722201.081070912070572],[-5950757.89592014439404,-2722156.874694382306188],[-5950760.80135886464268,-2722151.12240191269666],[-5950764.630749347619712,-2722116.474917035084218],[-5950756.170468047261238,-2722086.983874305151403],[-5950749.802993174642324,-2722076.707626941613853],[-5950722.518585969693959,-2722032.671854311600327],[-5950720.648418536409736,-2722004.214667862281203],[-5950717.731847876682878,-2721959.753456626553088],[-5950713.056429263204336,-2721945.01415485702455],[-5950695.801908190362155,-2721918.417776190675795],[-5950681.241318783722818,-2721906.208022429142147],[-5950677.846074325963855,-2721903.36232418846339],[-5950657.686114531941712,-2721861.455220564734191],[-5950647.812075709924102,-2721825.944935146253556],[-5950638.973308140411973,-2721801.403969329316169],[-5950624.446114581078291,-2721780.243801376316696],[-5950615.251124653033912,-2721758.998534742742777],[-5950613.102658469229937,-2721737.631686847656965],[-5950593.810990725643933,-2721695.15345729701221],[-5950561.428150855004787,-2721643.262800076045096],[-5950515.820555464364588,-2721562.27139444462955],[-5950506.169155624695122,-2721502.403689097613096],[-5950505.378787228837609,-2721456.338665810413659],[-5950504.120876993983984,-2721411.842509909998626],[-5950497.886985497549176,-2721318.24168468778953],[-5950496.673603059723973,-2721300.000715176574886],[-5950498.955652609467506,-2721268.674939200282097],[-5950554.192383952438831,-2721189.631136891897768],[-5950567.739965970627964,-2721152.249636039603502],[-5950576.578733540140092,-2721116.424767073243856],[-5950584.070535281673074,-2721084.090034663211554],[-5950584.115063066594303,-2721083.883306624367833],[-5950584.192986721172929,-2721083.773862350732088],[-5950648.479992642998695,-2720995.987648034933954],[-5950671.734634281136096,-2720959.907764398958534],[-5950686.406543167307973,-2720923.329388528130949],[-5950675.786663746461272,-2720860.545624408870935],[-5950675.575156713835895,-2720847.935396142769605],[-5950687.686717300675809,-2720802.796454923693091],[-5950689.445565266534686,-2720722.514636336825788],[-5950689.011419252492487,-2720697.270089149475098],[-5950691.861198217608035,-2720679.382479139603674],[-5950709.160247085615993,-2720640.980730603914708],[-5950699.597902826964855,-2720606.798631825018674],[-5950698.150749435648322,-2720601.654907214920968],[-5950700.622042141854763,-2720589.689369927626103],[-5950707.690829796716571,-2720555.385781090240926],[-5950705.998773536644876,-2720516.99649304850027],[-5950720.681814383715391,-2720470.09529392560944],[-5950775.01685783918947,-2720386.276618158444762],[-5950791.258371545933187,-2720370.079588731750846],[-5950825.756281742826104,-2720362.345877828076482],[-5950868.525230094790459,-2720327.021350007038563],[-5950881.649798071011901,-2720309.231436886359006],[-5950865.630923333577812,-2720186.015860789455473],[-5950864.818291062489152,-2720164.347139469347894],[-5950864.239429710432887,-2720148.721845340449363],[-5950874.469690914265811,-2720115.732461708597839],[-5950877.931727077811956,-2720104.581992606632411],[-5950867.835049263201654,-2720057.013231055811048],[-5950864.662443774752319,-2720046.641022623050958],[-5950871.330481274053454,-2720007.559866771101952],[-5950877.241546235047281,-2719972.880589480977505],[-5950884.544104831293225,-2719946.409116473048925],[-5950896.266047211363912,-2719918.211027347948402],[-5950912.429637263529003,-2719890.487211108207703],[-5950931.977339857257903,-2719865.450701197143644],[-5950954.75330766197294,-2719835.428828601725399],[-5950972.686877639964223,-2719801.637570616789162],[-5950981.904131478630006,-2719721.348663187585771],[-5951080.444144728593528,-2719589.565328552853316],[-5951192.041934248991311,-2719529.44972941884771],[-5951161.050588012672961,-2719471.814842344261706],[-5951176.791164010763168,-2719411.176844513043761],[-5951170.79104345664382,-2719392.621931015048176],[-5951179.229060858488083,-2719369.422240088693798],[-5951174.720621482469141,-2719326.695015566889197],[-5951186.119737338274717,-2719271.614272796548903],[-5951187.678210210055113,-2719242.505454227793962],[-5951224.012892005033791,-2719196.872564264573157],[-5951254.558960278518498,-2719121.158490570727736],[-5951279.583581808023155,-2719034.0154073019512],[-5951282.199589842930436,-2718980.735192418564111],[-5951273.917419716715813,-2718910.639518309850246],[-5951287.854619975201786,-2718795.702737496700138],[-5951286.351806838065386,-2718760.053415432106704],[-5951284.893521508201957,-2718725.510611949954182],[-5951273.461009805090725,-2718677.411008121445775],[-5951318.923889855854213,-2718619.001068545505404],[-5951370.297834856435657,-2718574.208912601228803],[-5951403.148216578178108,-2718548.39633511332795],[-5951459.230976039543748,-2718519.981878966093063],[-5951521.581022844649851,-2718467.858445388264954],[-5951598.469395135529339,-2718399.017354765441269],[-5951696.141116357408464,-2718306.224609035998583],[-5951866.448805310763419,-2718263.743415232282132],[-5951901.792743649333715,-2718263.135499730240554],[-5951989.668349681422114,-2718231.414500562474132],[-5952099.985965057276189,-2718138.951007140800357],[-5952114.835985117591918,-2718127.716820612084121],[-5952121.114404398016632,-2718121.394554619211704],[-5952164.874096229672432,-2718120.628587949555367],[-5952193.293962240219116,-2718115.716675598174334],[-5952222.671175860799849,-2718101.977918897755444],[-5952248.319186528213322,-2718062.9258719147183],[-5952278.709407514892519,-2718044.749438253231347],[-5952313.786179075017571,-2718044.141531132627279],[-5952365.215783810243011,-2718037.734191488474607],[-5952405.502307538874447,-2718020.481804095208645],[-5952444.475261266343296,-2717991.132119816727936],[-5952491.32963493000716,-2717973.770360313355923],[-5952518.58064628764987,-2717964.469425550661981],[-5952546.855796937830746,-2717950.742957907728851],[-5952554.113827737979591,-2717926.353887073229998],[-5952564.622387679293752,-2717899.703459709882736],[-5952571.780230936594307,-2717869.80688850581646],[-5952616.196707752533257,-2717838.147465826012194],[-5952639.874363455921412,-2717812.372560062911361],[-5952670.231188583187759,-2717791.983666654676199],[-5952693.062816156074405,-2717780.567356738261878],[-5952739.316064571030438,-2717791.886403063777834],[-5952791.992447623983026,-2717794.269361201673746],[-5952839.826432818546891,-2717770.281742699444294],[-5952865.619158824905753,-2717740.044993937015533],[-5952911.137698620557785,-2717708.373672355897725],[-5952944.566941705532372,-2717675.814890183974057],[-5952973.955287274904549,-2717663.170720963738859],[-5952991.376787584275007,-2717656.240747871808708],[-5953027.366378958337009,-2717644.581378908827901],[-5953041.336975040845573,-2717627.803574185352772],[-5953066.183485397137702,-2717606.41797781130299],[-5953091.864891923032701,-2717569.567708525341004],[-5953118.102895903401077,-2717564.704597877338529],[-5953146.567289688624442,-2717561.99341434519738],[-5953160.62694138661027,-2717550.723163115791976],[-5953175.376773917116225,-2717516.280255062971264],[-5953179.929741090163589,-2717462.166257212869823],[-5953179.451067279092968,-2717434.604784001130611],[-5953184.204409536905587,-2717392.612230020575225],[-5953202.338354586623609,-2717356.953903621528298],[-5953197.874443005770445,-2717318.620988198556006],[-5953204.308709562756121,-2717283.388342658989131],[-5953209.073183768428862,-2717252.021871053613722],[-5953238.739828076213598,-2717229.554762065876275],[-5953261.749566812068224,-2717232.448251577094197],[-5953273.705280133523047,-2717207.549669911619276],[-5953271.579077860340476,-2717187.283128634095192],[-5953241.033009585924447,-2717158.178135016467422],[-5953226.38336459826678,-2717128.258646253496408],[-5953225.993746380321681,-2717106.314481713343412],[-5953237.782480455003679,-2717073.185537341982126],[-5953240.854898401536047,-2717046.244766063056886],[-5953245.764087934046984,-2717023.109293650370091],[-5953261.393344452604651,-2717007.474936741869897],[-5953254.046258060261607,-2716991.147627126891166],[-5953230.658033032901585,-2716967.963605789467692],[-5953200.991388737224042,-2716921.838810354005545],[-5953194.946740387007594,-2716879.142492959275842],[-5953181.833304382860661,-2716836.580019830260426],[-5953181.610665401443839,-2716772.377887739799917],[-5953174.608669430017471,-2716746.398041797801852],[-5953170.278341239318252,-2716730.326300653163344],[-5953170.033438347280025,-2716716.065987228415906],[-5953173.907356637530029,-2716705.951262883841991],[-5953175.95563526917249,-2716700.602132421452552],[-5953176.612420263700187,-2716687.423827797174454],[-5953173.584530103951693,-2716666.075970087200403],[-5953159.580538173206151,-2716623.51406842796132],[-5953154.437577698379755,-2716580.806396682746708],[-5953154.615688872523606,-2716573.439243737608194],[-5953154.960779304616153,-2716559.944962580688298],[-5953173.295099439099431,-2716495.42786882724613],[-5953174.719988920725882,-2716481.970124837942421],[-5953175.566017050296068,-2716473.995170811656862],[-5953173.584530103951693,-2716436.442430552560836],[-5953167.684597102925181,-2716324.891013899352401],[-5953170.712487241253257,-2716322.034160322509706],[-5953209.963739705272019,-2716285.1868736743927],[-5953212.969365958124399,-2716234.104105744045228],[-5953246.810491147451103,-2716167.667577125597745],[-5953277.000337051227689,-2716115.564027589280158],[-5953306.833960583433509,-2716042.077160834334791],[-5953336.645320229232311,-2715968.031432917807251],[-5953362.772004717960954,-2715905.024151539430022],[-5953390.145467503927648,-2715823.891856213565916],[-5953413.322185476310551,-2715792.75924105476588],[-5953445.115032057277858,-2715720.319315840490162],[-5953471.375299936160445,-2715664.995809713378549],[-5953502.177403038367629,-2715558.02055917493999],[-5953502.644944899715483,-2715556.367310946807265],[-5953509.980899343267083,-2715526.46299794735387],[-5953510.081086874008179,-2715526.049686712212861],[-5953512.875206103548408,-2715483.21124979108572],[-5953508.956760016269982,-2715380.358142063952982],[-5953506.385279790498316,-2715312.697425435297191],[-5953508.411294522695243,-2715302.279694290366024],[-5953509.001287824474275,-2715299.252840211149305],[-5953513.676706437021494,-2715275.25683662481606],[-5953558.249030550941825,-2715237.779868107754737],[-5953558.994871127419174,-2715237.147756532765925],[-5953560.631267653778195,-2715234.801650272682309],[-5953573.722439771518111,-2715216.044968746136874],[-5953583.841381472535431,-2715192.827072218991816],[-5953645.879733703099191,-2715151.144347331020981],[-5953680.644810678437352,-2715116.512152007780969],[-5953720.196625757031143,-2715052.730275677982718],[-5953738.386230552569032,-2715030.460772937163711],[-5953786.231347694993019,-2714986.833546168636531],[-5953848.714977866970003,-2714920.997868903912604],[-5953890.72695370297879,-2714896.115068612620234],[-5953932.994964357465506,-2714887.144141871016473],[-5953973.42620341386646,-2714874.36848124768585],[-5954002.269083477556705,-2714855.758093889337033],[-5954026.670315860770643,-2714825.709232341498137],[-5954037.746605182997882,-2714812.884998479858041],[-5954057.62826625071466,-2714795.320069353096187],[-5954089.677147649228573,-2714766.997421821579337],[-5954127.269739679060876,-2714692.811773737892509],[-5954163.582157585769892,-2714647.191965932492167],[-5954193.894454929046333,-2714561.617193699814379],[-5954203.022653174586594,-2714476.419700308702886],[-5954203.968868846073747,-2714445.180328724440187],[-5954663.707233874127269,-2714399.03855224698782],[-5956893.670405393466353,-2714175.223665630444884],[-5957647.470337299630046,-2714099.57001218246296],[-5957810.508863516151905,-2714083.209227720275521],[-5957935.119901509955525,-2714070.701625994406641],[-5960916.534163669683039,-2713771.470219145063311],[-5961224.878021229058504,-2713740.523950426839292],[-5961260.589313875883818,-2713770.048099437262863],[-5961318.442053240723908,-2713766.814904651604593],[-5961375.448764464817941,-2713750.97712164092809],[-5961398.636614397168159,-2713747.269891534000635],[-5961448.184919760562479,-2713752.970517863985151],[-5961450.889983386732638,-2713753.566105820704252],[-5961473.331992719322443,-2713758.537442789878696],[-5961506.40501344576478,-2713774.958667214028537],[-5961552.58033821452409,-2713791.124656016007066],[-5961589.994819082319736,-2713799.778936469461769],[-5961655.895957631058991,-2713844.679169535171241],[-5961676.22289665043354,-2713856.347902736160904],[-5961734.643365418538451,-2713889.883403522428125],[-5961842.8459104700014,-2713934.565101377665997],[-5961856.026138179004192,-2713938.369615190662444],[-5961882.197350464761257,-2713945.930025536101311],[-5961932.42470471188426,-2713948.31240637646988],[-5961972.310478262603283,-2713958.194428745657206],[-5962025.298555879853666,-2713971.321848031599075],[-5962087.904637490399182,-2713973.120791506953537],[-5962095.730397704988718,-2713973.339581958483905],[-5962101.26297639682889,-2713974.834650020115077],[-5962140.235930124297738,-2713985.397370761726052],[-5962151.178636069409549,-2713988.375354285817593],[-5962167.854295778088272,-2713992.884873255621642],[-5962201.17221937328577,-2713997.929215399548411],[-5962216.445253521203995,-2714000.238673781976104],[-5962235.614469835534692,-2714006.887484781444073],[-5962255.518394778482616,-2714013.791554750408977],[-5962270.68010943569243,-2714016.003774981480092],[-5962295.671335118822753,-2714019.662447583395988],[-5962301.203913810662925,-2714023.941029222216457],[-5962307.41554138623178,-2714028.778745102696121],[-5962320.284074532799423,-2714032.923623440787196],[-5962348.091683332808316,-2714036.144717308692634],[-5962357.141957923769951,-2714037.190053578000516],[-5962360.069660531356931,-2714036.764626030810177],[-5962383.068267340771854,-2714033.434136376250535],[-5962408.159680554643273,-2714023.114484948571771],[-5962419.013330917805433,-2714015.286626629997045],[-5962437.024824528023601,-2714002.292876521125436],[-5962507.334214902482927,-2713966.459839623421431],[-5962558.396465339697897,-2713965.536058195400983],[-5962571.198206780478358,-2713971.334003042429686],[-5962596.913009143434465,-2713984.036007050890476],[-5962603.748025877401233,-2713989.092501409351826],[-5962617.206552314572036,-2713999.03532437235117],[-5962624.008173213340342,-2713998.561277647968382],[-5962702.243511342443526,-2713993.103663965128362],[-5962730.095647939480841,-2713996.446300192736089],[-5962754.196317684836686,-2714003.654241783544421],[-5962766.441461672075093,-2714007.312911540735513],[-5962855.964596168138087,-2714006.656538842711598],[-5962867.909177541732788,-2714006.571453493554145],[-5962887.245373092591763,-2714007.580322663765401],[-5962920.429713297635317,-2714009.318494987208396],[-5962938.040456741116941,-2714010.242278974503279],[-5962975.18777081836015,-2714017.790568459779024],[-5963016.687676974572241,-2714032.716987250838429],[-5963021.67479017470032,-2714034.50378262065351],[-5963043.593597911298275,-2714046.731788986362517],[-5963086.974803473800421,-2714049.794869590550661],[-5963092.986055976711214,-2714050.220297498628497],[-5963108.047583081759512,-2714048.032382649835199],[-5963140.408159053884447,-2714043.328366773668677],[-5963184.824635880999267,-2714020.440371420234442],[-5963195.566966743208468,-2714014.897664827760309],[-5963205.886283528059721,-2714010.327364331111312],[-5963244.224716167896986,-2713995.364501469768584],[-5963299.383523856289685,-2713965.292957827914506],[-5963324.775499706156552,-2713955.508171126246452],[-5963337.354602166451514,-2713951.436243049334735],[-5963355.58873475715518,-2713943.426095009315759],[-5963409.322652951814234,-2713942.453694916330278],[-5963457.54625637549907,-2713935.549655981827527],[-5963468.789524934254587,-2713936.971790520008653],[-5963470.459317306987941,-2713937.846950299106538],[-5963484.518968982622027,-2713950.08703725785017],[-5963492.522840382531285,-2713955.860666454769671],[-5963504.456289796158671,-2713964.466416607610881],[-5963524.738701006397605,-2713972.245629798155278],[-5963548.138057983480394,-2713969.620144919026643],[-5963570.635727060958743,-2713958.13365368405357],[-5963574.943791355006397,-2713954.936885642353445],[-5963588.970047205686569,-2713944.50789018208161],[-5963590.884742448106408,-2713942.161974911578],[-5963640.9228535592556,-2713942.089044908992946],[-5963674.730582912452519,-2713935.440261011011899],[-5963695.881286163814366,-2713933.823646714445204],[-5963712.078272063285112,-2713932.571682361885905],[-5963726.215847404673696,-2713927.381501104682684],[-5963756.895499067381024,-2713908.176629694644362],[-5963822.841165413148701,-2713899.838319338392466],[-5963823.38663090672344,-2713899.643839837983251],[-5963859.554333477281034,-2713886.552944666240364],[-5963894.475257728248835,-2713884.8269407232292],[-5963932.668975030072033,-2713889.61599439335987],[-5963934.260843737050891,-2713890.539771405979991],[-5964015.2569052381441,-2713937.312130414415151],[-5964019.242143019102514,-2713939.609424999449402],[-5964064.315404831431806,-2713938.248065212741494],[-5964078.998445666395128,-2713934.370621449314058],[-5964093.358659978955984,-2713930.59041857952252],[-5964112.71711942832917,-2713918.435431533958763],[-5964136.539490468800068,-2713903.472655238118023],[-5964160.217146148905158,-2713895.912265103776008],[-5964187.323442157357931,-2713875.662106037139893],[-5964241.157547905109823,-2713852.750042413361371],[-5964284.705732714384794,-2713851.959971856791526],[-5964321.552484167739749,-2713851.279295694082975],[-5964353.779476741328835,-2713850.148887161165476],[-5964356.440012581646442,-2713851.461619659792632],[-5964366.670273774303496,-2713856.493761955294758],[-5964393.286764035001397,-2713878.506364502944052],[-5964406.945665542967618,-2713882.65120362630114],[-5964434.230072747915983,-2713882.152850477024913],[-5964464.931988308206201,-2713866.776840311009437],[-5964481.652175826020539,-2713849.468211075756699],[-5964510.172229356132448,-2713826.458945963997394],[-5964535.508545472286642,-2713823.809175351634622],[-5964579.056730270385742,-2713825.425778476521373],[-5964594.719382625073195,-2713826.021369124297053],[-5964603.380038997158408,-2713824.963891855906695],[-5964620.445316947996616,-2713822.885402219835669],[-5964621.146629739552736,-2713822.78816294670105],[-5964662.45729277189821,-2713802.84196945047006],[-5964682.784231792204082,-2713789.471591744571924],[-5964683.897426688112319,-2713788.730143854860216],[-5964703.701164111495018,-2713762.439153344370425],[-5964707.352443409152329,-2713757.589363734703511],[-5964729.01521631795913,-2713729.21994741121307],[-5964728.870500979945064,-2713711.668371606618166],[-5964728.71465369220823,-2713690.822861810680479],[-5964742.139784283004701,-2713664.252473236527294],[-5964750.254975149407983,-2713655.865671798586845],[-5964790.240936242975295,-2713639.930761255789548],[-5964812.271063482388854,-2713631.155020262580365],[-5964815.488196754828095,-2713628.955008376389742],[-5964855.941699720919132,-2713601.278641948476434],[-5964861.251639420166612,-2713596.769234152976424],[-5964865.1589535465464,-2713593.4388367542997],[-5964868.19797564484179,-2713584.432181623764336],[-5964881.177828283980489,-2713545.962517803534865],[-5964902.239475941285491,-2713517.605634114705026],[-5964999.677426221780479,-2713455.483208117075264],[-5965013.380855537950993,-2713436.205979535821825],[-5965020.995108719915152,-2713425.473459518048912],[-5965019.737198473885655,-2713417.050320359878242],[-5965017.566468403674662,-2713402.50127231143415],[-5965021.56283812224865,-2713391.452756003942341],[-5965030.635376611724496,-2713384.257246762514114],[-5965030.768960012122989,-2713384.160010173916817],[-5965038.316421476192772,-2713371.397713017184287],[-5965036.980587597936392,-2713365.162422998342663],[-5965033.507419473491609,-2713348.996867676731199],[-5965041.52242281101644,-2713325.271210258826613],[-5965052.120038345456123,-2713321.782860964536667],[-5965083.16704432759434,-2713320.749726300127804],[-5965088.922261989675462,-2713320.567408411763608],[-5965089.311880208551884,-2713319.83813693234697],[-5965114.214050298556685,-2713273.46869409410283],[-5965122.618671865202487,-2713265.09425345947966],[-5965144.348236467689276,-2713253.729816390667111],[-5965157.172241806983948,-2713218.931595991365612],[-5965165.176113195717335,-2713207.263330996967852],[-5965194.152576648630202,-2713169.438764180522412],[-5965229.852737334556878,-2713165.48858163272962],[-5965245.582181395031512,-2713143.270342463627458],[-5965258.46184648014605,-2713124.929379601031542],[-5965315.524217449128628,-2713098.1046960381791],[-5965324.062422404065728,-2713082.583592612296343],[-5965344.72331989556551,-2713062.468167897313833],[-5965367.855510082095861,-2713056.014221315272152],[-5965427.634076638147235,-2712997.868048676755279],[-5965428.78066739346832,-2712996.74985513323918],[-5965428.357653328217566,-2712994.233919951599091],[-5965422.769414879381657,-2712961.210788325872272],[-5965432.966280247084796,-2712937.984033501707017],[-5965540.111290135420859,-2712827.417367411777377],[-5965609.652576034888625,-2712788.29321420006454],[-5965626.383895489387214,-2712767.69199798302725],[-5965655.393754790537059,-2712743.578277919907123],[-5965700.055134495720267,-2712694.901247892994434],[-5965707.602595972828567,-2712686.67296065762639],[-5965715.51741177868098,-2712674.640465606469661],[-5965730.23384846188128,-2712652.252756616100669],[-5965746.085743950679898,-2712648.922557213809341],[-5965764.553647472523153,-2712645.045428119599819],[-5965766.434946867637336,-2712641.897540325298905],[-5965792.56163134612143,-2712598.447029099799693],[-5965814.981376802548766,-2712535.51388392644003],[-5965839.438268929719925,-2712486.241950788069516],[-5965873.179206590168178,-2712440.105863769073039],[-5965885.713781241327524,-2712403.121736912522465],[-5965901.298509963788092,-2712371.570443348493427],[-5965911.328396083787084,-2712365.347699458245188],[-5965924.430700150318444,-2712366.210618874523789],[-5965933.503238638862967,-2712374.268586958758533],[-5965935.918871589004993,-2712382.375174346379936],[-5965940.505234610289335,-2712397.72544034011662],[-5965950.880211163312197,-2712402.477584300097078],[-5965974.557866844348609,-2712396.011751950718462],[-5965974.680318295024335,-2712396.036059587262571],[-5965996.421014835126698,-2712401.092048577032983],[-5966009.400867462158203,-2712408.287112588994205],[-5966013.853647105395794,-2712410.754339669365436],[-5966017.504926391877234,-2712412.771875420585275],[-5966020.020746895112097,-2712416.162794486153871],[-5966031.553446141071618,-2712431.719708507880569],[-5966050.733794404193759,-2712443.436019422952086],[-5966051.134544559754431,-2712443.533250254113227],[-5966082.827203588560224,-2712451.007872242946178],[-5966091.743894801475108,-2712453.1104901349172],[-5966098.445328147150576,-2712453.098336260765791],[-5966125.284457389265299,-2712453.037566954735667],[-5966131.707591996528208,-2712457.546650143805891],[-5966135.97112850472331,-2712460.52434730483219],[-5966147.403640209697187,-2712460.864655572921038],[-5966148.494571219198406,-2712459.782961431890726],[-5966155.285060146823525,-2712453.037566954270005],[-5966163.277799584902823,-2712432.047862314153463],[-5966182.001737948507071,-2712420.185713757760823],[-5966185.664149194955826,-2712397.081287945620716],[-5966190.484283147379756,-2712386.580392207950354],[-5966198.888904700987041,-2712379.288107585161924],[-5966247.446466585621238,-2712379.944413064513355],[-5966302.805649356916547,-2712380.685795223806053],[-5966368.027739012613893,-2712348.769932752475142],[-5966396.647980095818639,-2712348.636241156142205],[-5966449.836432796902955,-2712348.368857964873314],[-5966460.222541287541389,-2712352.561913043726236],[-5966469.317343685775995,-2712363.366631130222231],[-5966492.91707572247833,-2712370.62244705343619],[-5966524.275776289403439,-2712368.957376774866134],[-5966524.698790355585515,-2712368.945222965907305],[-5966525.043880776502192,-2712368.726454621646553],[-5966561.367430622689426,-2712345.780102766118944],[-5966573.612574609927833,-2712344.45534086599946],[-5966586.091489516198635,-2712349.608543690294027],[-5966595.230819721706212,-2712353.388370411470532],[-5966606.351636840030551,-2712354.190520247910172],[-5966619.509600663557649,-2712355.138515562750399],[-5966622.259192074649036,-2712361.774484349880368],[-5966624.229547061957419,-2712366.563078944105655],[-5966639.669560446403921,-2712371.217983168549836],[-5966686.99147598259151,-2712369.808142588473856],[-5966734.580558297224343,-2712378.255034199450165],[-5966745.656847619451582,-2712374.086279945448041],[-5966748.373043205589056,-2712373.065360697451979],[-5966755.397303064353764,-2712363.062786315567791],[-5966755.408435024321079,-2712326.09099251171574],[-5966755.419566973112524,-2712295.050308963749558],[-5966759.404804743826389,-2712282.908726848196238],[-5966766.974530117586255,-2712274.546961977146566],[-5966778.028555553406477,-2712266.160894067026675],[-5966799.580008960328996,-2712249.81415122654289],[-5966812.548729647882283,-2712251.223981173709035],[-5966903.763920392841101,-2712224.315696706064045],[-5966937.772024841979146,-2712211.080337742343545],[-5966972.381254529580474,-2712209.889277511276305],[-5966995.201750130392611,-2712213.340921678114682],[-5967011.164965122006834,-2712215.759503798559308],[-5967014.426626201719046,-2712214.422599057666957],[-5967032.104161339811981,-2712207.154700788669288],[-5967106.1761505138129,-2712206.692861212417483],[-5967121.816538969986141,-2712206.595631828531623],[-5967132.703585159033537,-2712204.760427334345877],[-5967140.228782747872174,-2712197.504687138833106],[-5967148.956230825744569,-2712189.094352564774454],[-5967159.542714400216937,-2712183.965509086381644],[-5967184.879030493088067,-2712182.956755707971752],[-5967188.441254209727049,-2712184.500269940122962],[-5967198.905286344699562,-2712189.021430607885122],[-5967217.740544186905026,-2712197.164384498260915],[-5967255.622566903941333,-2712194.271812339313328],[-5967289.664067188277841,-2712200.142032857052982],[-5967315.979994812048972,-2712204.68750530667603],[-5967328.770604292862117,-2712202.256771202664822],[-5967348.051140097901225,-2712191.47646999778226],[-5967358.704415378160775,-2712194.02873907238245],[-5967379.799458883702755,-2712206.255328992381692],[-5967418.015440073795617,-2712212.684623091015965],[-5967451.400155361741781,-2712225.227223224006593],[-5967462.565500288270414,-2712223.379862894304097],[-5967465.537730680778623,-2712221.277275397907943],[-5967482.424897434189916,-2712209.305901104584336],[-5967495.170979131013155,-2712205.234420516062528],[-5967518.915426528081298,-2712210.825110530480742],[-5967530.637368897907436,-2712210.059428955428302],[-5967571.068607964552939,-2712181.899387791752815],[-5967577.569666226394475,-2712180.598946871235967],[-5967595.291729160584509,-2712177.06223423872143],[-5967600.045071417465806,-2712174.643658033106476],[-5967617.711474595591426,-2712165.674268036615103],[-5967626.795145045034587,-2712161.128806743770838],[-5967660.447027122601867,-2712158.673772041220218],[-5967667.137328519485891,-2712158.187626589089632],[-5967716.685633860528469,-2712146.860442034900188],[-5967722.051233327947557,-2712142.387907879892737],[-5967737.56917033251375,-2712129.468611076008528],[-5967748.456216533668339,-2712126.527436805423349],[-5967819.778614295646548,-2712131.085041815880686],[-5967848.409987326711416,-2712132.908084173221141],[-5967869.638614210300148,-2712128.557090076152235],[-5967895.331152685917914,-2712123.270269225351512],[-5967915.513376366347075,-2712114.981509963516146],[-5967917.695238396525383,-2712114.082143383100629],[-5967926.400422565639019,-2712105.696160147432238],[-5967926.656457395292819,-2712104.043271219357848],[-5967928.259458062238991,-2712094.150248438119888],[-5967934.771648284047842,-2712084.147849590517581],[-5967950.189397758804262,-2712080.951458579860628],[-5967957.948366255499423,-2712079.335032964590937],[-5967984.242029992863536,-2712050.275860445108265],[-5967999.826758692972362,-2712033.042131199501455],[-5968020.821614656597376,-2712025.519091628491879],[-5968044.28776331525296,-2712024.546808920335025],[-5968075.924762599170208,-2712011.894985445775092],[-5968087.89160787127912,-2712011.105006408877671],[-5968133.79976587370038,-2712008.090932903345674],[-5968140.078185154125094,-2712005.854685175698251],[-5968153.369732344523072,-2712001.139120384585112],[-5968180.320181076414883,-2711970.475829773116857],[-5968205.444990148767829,-2711964.581387107726187],[-5968215.797702792100608,-2711962.150689738336951],[-5968256.618560054339468,-2711936.421780862379819],[-5968267.817300839349627,-2711929.37277201609686],[-5968283.413161489181221,-2711923.259582381695509],[-5968303.005391868762672,-2711915.566446482669562],[-5968368.928794328123331,-2711881.43959468556568],[-5968369.195961093530059,-2711881.062838540412486],[-5968390.658358929678798,-2711851.967568321153522],[-5968418.822190100327134,-2711795.502964476123452],[-5968423.775907441042364,-2711790.39855473022908],[-5968427.048700470477343,-2711790.143334273714572],[-5968427.126624113880098,-2711790.143334273714572],[-5968454.500086899846792,-2711792.93860603030771],[-5968475.016269053332508,-2711776.033296087291092],[-5968497.491674233227968,-2711745.85657257353887],[-5968540.973067336715758,-2711726.314045173116028],[-5968561.956791362725198,-2711734.736288178246468],[-5968590.265337871387601,-2711724.296596562024206],[-5968612.573763826861978,-2711704.887781862635165],[-5968616.1582514308393,-2711701.776540116872638],[-5968622.002524697221816,-2711701.43624809011817],[-5968643.531714215874672,-2711700.172306337859482],[-5968653.350093293003738,-2711689.927089889533818],[-5968673.654768424108624,-2711668.743940845131874],[-5968674.445136809721589,-2711667.492154951673001],[-5968707.161935153417289,-2711658.000461258459836],[-5968716.702015513554215,-2711652.337046190630645],[-5968720.464614292606711,-2711638.008372058626264],[-5968713.49601417966187,-2711603.031391361262649],[-5968724.204949182458222,-2711597.51383438706398],[-5968735.815572083927691,-2711591.54661081591621],[-5968747.793549282476306,-2711586.916241319850087],[-5968763.033187583088875,-2711581.119166437070817],[-5968787.234044880606234,-2711586.187049383763224],[-5968813.271673778072,-2711571.37230738857761],[-5968842.593227651901543,-2711556.496813308913261],[-5968852.723301314748824,-2711570.643116164952517],[-5968878.282256400212646,-2711590.015307369176298],[-5968895.75941645540297,-2711586.381500559393317],[-5968911.945270406082273,-2711572.85499627282843],[-5968932.505980365909636,-2711558.149645297788084],[-5968979.438277685083449,-2711547.35762775875628],[-5969022.274017741903663,-2711552.0852111116983],[-5969048.779188488610089,-2711562.609861887060106],[-5969080.850333796814084,-2711578.55484260013327],[-5969104.939871604554355,-2711577.011387213133276],[-5969139.682684682309628,-2711558.732997805811465],[-5969159.196991417557001,-2711547.34547460405156],[-5969197.468632352538407,-2711542.228991369716823],[-5969217.016334936022758,-2711531.947417249437422],[-5969248.486354983411729,-2711514.835781430825591],[-5969268.290092395618558,-2711518.870625705458224],[-5969291.522470124065876,-2711530.574110570829362],[-5969333.300675018690526,-2711537.513564122375101],[-5969405.636080135591328,-2711537.282654048409313],[-5969436.237808144651353,-2711532.299858794547617],[-5969492.097928623668849,-2711530.173056430183351],[-5969514.985215931199491,-2711523.136380881536752],[-5969544.317901765927672,-2711508.26093194168061],[-5969579.116374577395618,-2711493.288271901663393],[-5969600.745751649141312,-2711477.452754742931575],[-5969628.01902689319104,-2711470.331030761357397],[-5969661.581853367388248,-2711447.665497018489987],[-5969689.968323509208858,-2711441.637564247939736],[-5969723.82058067061007,-2711434.39432549988851],[-5969754.110614104196429,-2711412.883384195156395],[-5969771.420794934034348,-2711400.438649529591203],[-5969808.33433806989342,-2711381.018077203072608],[-5969825.800366185605526,-2711377.384318192955106],[-5969850.669140430167317,-2711358.194681474938989],[-5969868.947800817899406,-2711339.114445018582046],[-5969897.178423671983182,-2711324.26347428932786],[-5969928.481464482843876,-2711298.32899727486074],[-5969941.171886433847249,-2711272.734845413826406],[-5969970.204009642824531,-2711242.437547966372222],[-5969994.928068547509611,-2711215.530971206258982],[-5970024.060379289090633,-2711190.739043768495321],[-5970061.953533943742514,-2711164.683255819138139],[-5970096.77427067514509,-2711150.816830108407885],[-5970140.533962494693696,-2711146.697009200695902],[-5970183.314042817801237,-2711148.106741295661777],[-5970217.255355561152101,-2711146.368881916161627],[-5970238.740017283707857,-2711122.828805240336806],[-5970261.549380946904421,-2711111.380830108653754],[-5970279.026541001163423,-2711107.747132719960064],[-5970310.719200030900538,-2711102.752319258637726],[-5970323.888295791111887,-2711103.615170130971819],[-5970349.091028495691717,-2711103.14120979886502],[-5970367.647987621836364,-2711099.495361454319209],[-5970388.353412899188697,-2711092.495335000567138],[-5970411.70824206713587,-2711051.285172310657799],[-5970439.794149594381452,-2711028.717458161059767],[-5970460.288067849352956,-2711010.694907101802528],[-5970491.95846299175173,-2711004.594223491847515],[-5970510.604477687738836,-2711005.359847001731396],[-5970532.779320253990591,-2711019.27475690562278],[-5970545.892756269313395,-2711016.819898553658277],[-5970569.915502393618226,-2711011.970946783199906],[-5970585.277592122554779,-2711012.785181700717658],[-5970617.148362325504422,-2711017.707050291355699],[-5970619.307960459031165,-2711012.201849226374179],[-5970622.413774241693318,-2711004.314710155595094],[-5970629.126339547336102,-2711005.384152523241937],[-5970660.039762129075825,-2711020.720936012919992],[-5970778.505964242853224,-2711017.415383972693235],[-5970804.476801443845034,-2711021.328574345912784],[-5970838.930183844640851,-2711034.951831562444568],[-5970889.17980198841542,-2711036.750442678574473],[-5970907.313747039996088,-2711046.120237600523978],[-5970933.240056433714926,-2711059.524765734095126],[-5970968.194376542232931,-2711063.255674502346665],[-5970992.551081139594316,-2711073.780001629143953],[-5971013.590464888140559,-2711083.259193712379783],[-5971049.10138245113194,-2711089.724492047913373],[-5971057.428080373443663,-2711089.323449028190225],[-5971085.970397802069783,-2711087.938027779106051],[-5971120.100953690707684,-2711093.346032506320626],[-5971143.088428539223969,-2711102.788777744397521],[-5971179.133679658174515,-2711105.960666414350271],[-5971199.382695022039115,-2711114.905152784194797],[-5971221.57980149704963,-2711133.681298830080777],[-5971258.994282342493534,-2711136.282009480986744],[-5971262.957256214693189,-2711137.849727788474411],[-5971278.775755856186152,-2711144.13275541504845],[-5971302.431147661060095,-2711140.960859152022749],[-5971311.125199891626835,-2711134.216024338733405],[-5971324.695045819506049,-2711130.667391692753881],[-5971335.047758462838829,-2711126.498964605852962],[-5971367.575313672423363,-2711113.422506598290056],[-5971390.752031644806266,-2711114.078759810887277],[-5971436.15925195068121,-2711127.61702658329159],[-5971442.693706060759723,-2711129.573635200038552],[-5971446.400645103305578,-2711128.905228497926146],[-5971476.545963210985065,-2711123.460753140971065],[-5971579.138005915097892,-2711179.133032189682126],[-5971590.770892713218927,-2711181.612221395596862],[-5971593.364636849611998,-2711182.159101416822523],[-5971630.200256352312863,-2711176.532314540818334],[-5971691.682011106051505,-2711189.645283143501729],[-5971740.350892492569983,-2711206.841639284975827],[-5971761.034053881652653,-2711207.011780015658587],[-5971775.038045811466873,-2711205.650654301978648],[-5971777.62065801024437,-2711203.961400245781988],[-5971784.544730337336659,-2711199.440519766416401],[-5971790.789753771387041,-2711188.357076306361705],[-5971802.789994867518544,-2711185.938650522846729],[-5971838.300912430509925,-2711189.110555771272629],[-5971901.975661175325513,-2711204.921479878947139],[-5971999.970208920538425,-2711198.164465039037168],[-5972037.841099688783288,-2711179.910817005205899],[-5972047.180804966017604,-2711178.391706084366888],[-5972049.295875291340053,-2711178.051425259560347],[-5972126.562733839266002,-2711179.898664105217904],[-5972152.388855714350939,-2711162.957547491416335],[-5972170.411481263116002,-2711151.10849887272343],[-5972171.068266268819571,-2711150.816830107942224],[-5972215.37342360522598,-2711131.068435754626989],[-5972260.724984155036509,-2711131.056282892357558],[-5972261.381769149564207,-2711131.056282891891897],[-5972275.408024979755282,-2711131.044130040332675],[-5972312.054401347413659,-2711134.750749887432903],[-5972335.821112642996013,-2711143.075456598773599],[-5972401.533008058555424,-2711185.185171195771545],[-5972402.512619578279555,-2711185.598369537852705],[-5972435.730355630628765,-2711199.902330080512911],[-5972501.687153926119208,-2711235.960034583695233],[-5972544.912512200884521,-2711234.319389024283737],[-5972586.857696319930255,-2711232.727355347480625],[-5972611.982505403459072,-2711238.840279421303421],[-5972618.48356366623193,-2711242.704912541434169],[-5972632.509819494560361,-2711251.066134620457888],[-5972657.823871712200344,-2711254.43249996798113],[-5972728.83457487821579,-2711255.599182712379843],[-5972735.780911114998162,-2711255.720712170004845],[-5972741.28009394928813,-2711265.491683600470424],[-5972741.179906417615712,-2711266.548990582581609],[-5972739.209551431238651,-2711288.558005661703646],[-5972744.14100487343967,-2711298.341150241438299],[-5972756.107850122265518,-2711300.856816966552287],[-5972781.043416060507298,-2711294.707410131115466],[-5972789.75973220076412,-2711292.55633359355852],[-5972851.742424674332142,-2711296.882792915217578],[-5972883.702250470407307,-2711279.83217494469136],[-5972895.936262519098818,-2711280.695035428740084],[-5972907.346510314382613,-2711284.863502935972065],[-5972908.270462088286877,-2711288.144804645329714],[-5972913.981151976622641,-2711308.330901626963168],[-5972928.753248404711485,-2711328.893767278641462],[-5972938.026161977089942,-2711335.298400475643575],[-5972944.983630162663758,-2711337.133504596538842],[-5972961.414387004449964,-2711341.447823025286198],[-5972982.398111006245017,-2711355.314415025990456],[-5973015.604715121909976,-2711365.656640051864088],[-5973053.35315443854779,-2711364.95176433539018],[-5973064.741138358600438,-2711357.611336326226592],[-5973081.494721711613238,-2711339.199516085907817],[-5973095.064567650668323,-2711334.557067087851465],[-5973081.10510350484401,-2711315.075810300651938],[-5973077.175525479950011,-2711305.158972578588873],[-5973073.257079403847456,-2711295.108458320144564],[-5973071.475967539474368,-2711290.575398961547762],[-5973069.405425022356212,-2711254.955076603218913],[-5973070.986161791719496,-2711241.769136521033943],[-5973077.175525479950011,-2711231.232545244973153],[-5973078.233060642145574,-2711168.134673025459051],[-5973091.068197931163013,-2711118.490240433719009],[-5973092.904969528317451,-2711111.368677273392677],[-5973092.415163758210838,-2711105.17073239851743],[-5973090.89008673466742,-2711086.175869333092123],[-5973074.414802107959986,-2711051.382394616026431],[-5973072.121620587073267,-2711025.654959854669869],[-5973074.726496681571007,-2711000.924092268105596],[-5973083.843562978319824,-2710974.431117089465261],[-5973086.103348630480468,-2710881.14702925644815],[-5973084.544875769875944,-2710873.64884012658149],[-5973080.548506050370634,-2710854.374742975924164],[-5973059.308747206814587,-2710806.967368853278458],[-5973041.341781393624842,-2710776.974773477762938],[-5973026.046483347192407,-2710754.395296136848629],[-5973004.73993282020092,-2710734.926902770996094],[-5972995.834373557008803,-2710728.510358870495111],[-5972986.472404381260276,-2710720.064343845006078],[-5972980.895297892391682,-2710709.503793255891651],[-5972975.451774781569839,-2710691.809721913654357],[-5972972.590863878838718,-2710667.711303408257663],[-5972971.243898040615022,-2710656.27580845868215],[-5972971.221634143032134,-2710655.57096419390291],[-5972970.464661605656147,-2710620.182961232028902],[-5972974.327447924762964,-2710591.369504613801837],[-5972985.370341422967613,-2710573.140858074184507],[-5972989.110676312819123,-2710558.76454689912498],[-5972984.001111685298383,-2710545.761470218189061],[-5972971.188238294795156,-2710534.143777044024318],[-5972966.334708485752344,-2710521.262244340963662],[-5972963.340214194729924,-2710507.991846091579646],[-5972968.783737283200026,-2710487.782460506539792],[-5972970.932203467004001,-2710468.41161233605817],[-5972961.470046749338508,-2710454.096157510299236],[-5972946.64229057636112,-2710435.162833827547729],[-5972946.074561160989106,-2710432.56223785597831],[-5972941.944608064368367,-2710413.677549007814378],[-5972937.669939617626369,-2710394.100202225614339],[-5972935.276570565998554,-2710386.407806261908263],[-5972930.423040755093098,-2710370.816436906345189],[-5972910.00704615470022,-2710335.271088499110192],[-5972906.099732028320432,-2710317.832630396354944],[-5972897.038325478322804,-2710306.713344786781818],[-5972878.169671787880361,-2710300.21190817002207],[-5972875.854226369410753,-2710299.422014170326293],[-5972855.438231768086553,-2710288.788829697761685],[-5972844.473261914215982,-2710271.459792306646705],[-5972836.502786384895444,-2710247.629358657170087],[-5972825.326309508644044,-2710220.481422198005021],[-5972824.06839925237,-2710217.406927391886711],[-5972818.313181589357555,-2710201.2445731558837],[-5972811.121942483820021,-2710180.999121027532965],[-5972811.389109262265265,-2710162.892465975601226],[-5972811.934574766084552,-2710127.639232330955565],[-5972812.379852728918195,-2710099.251990327145904],[-5972819.604487682692707,-2710075.543335176073015],[-5972819.448640394955873,-2710045.928831975441426],[-5972805.088426082395017,-2709995.741063657682389],[-5972795.670797160826623,-2709940.085079662036151],[-5972793.065921077504754,-2709924.676426811143756],[-5972782.958111301995814,-2709890.699670910835266],[-5972782.023027590475976,-2709887.58878415543586],[-5972767.518097939901054,-2709865.921960842330009],[-5972767.295458958484232,-2709865.715378835331649],[-5972710.48912279587239,-2709811.590981869958341],[-5972694.102893761359155,-2709791.066533745266497],[-5972655.864648663438857,-2709690.31605969928205],[-5972638.387488609179854,-2709673.097040018066764],[-5972609.500080759637058,-2709653.897308213170618],[-5972591.967260959558189,-2709621.318575804121792],[-5972576.805546312592924,-2709573.343749328050762],[-5972579.410422397777438,-2709550.255611865315586],[-5972601.986015130765736,-2709498.78133760439232],[-5972611.670810829848051,-2709476.714041583705693],[-5972616.802639344707131,-2709454.500957355834544],[-5972640.146336575038731,-2709353.339464379940182],[-5972653.037133608013391,-2709318.002964748069644],[-5972658.547448402270675,-2709276.773097243625671],[-5972657.701420272700489,-2709212.078996512107551],[-5972654.784849613904953,-2709034.99786094436422],[-5972629.237026476301253,-2708942.794451602734625],[-5972619.652418320067227,-2708804.818418453447521],[-5972615.277562331408262,-2708741.803078250493854],[-5972603.744863073341548,-2708706.152010957710445],[-5972596.241929405368865,-2708682.931471240241081],[-5972555.142773393541574,-2708431.991411183495075],[-5972554.085238242521882,-2708398.12720005819574],[-5972553.528640788048506,-2708380.484302670229226],[-5972559.239330666139722,-2708356.243576812092215],[-5972562.055713783018291,-2708344.676085569430143],[-5972559.818192007020116,-2708332.100093577522784],[-5972544.18893551081419,-2708297.847273068968207],[-5972531.420589905232191,-2708247.640718012116849],[-5972527.101393673568964,-2708230.799929354805499],[-5972510.692900731228292,-2708166.863417799584568],[-5972504.603724573738873,-2708027.144443682860583],[-5972512.841366902925074,-2707990.802401769440621],[-5972534.03659793920815,-2707930.086711473297328],[-5972534.069993785582483,-2707922.978726041503251],[-5972534.181313277222216,-2707903.768955689389259],[-5972529.149672304280102,-2707875.349230453372002],[-5972523.394454630091786,-2707863.393277409486473],[-5972497.167582588270307,-2707830.97616535006091],[-5972494.64063014741987,-2707807.671850495506078],[-5972494.61836626008153,-2707807.440994563978165],[-5972497.813235646113753,-2707792.581170529127121],[-5972518.930543049238622,-2707762.241899959277362],[-5972550.411695045419037,-2707717.018633204977959],[-5972560.385921420529485,-2707684.711171265691519],[-5972561.643831656314433,-2707680.616548378951848],[-5972558.816316600888968,-2707656.000232473481447],[-5972541.183309247717261,-2707603.693725098390132],[-5972532.600576507858932,-2707565.469380334950984],[-5972531.754548377357423,-2707532.129467341117561],[-5972529.405707133002579,-2707440.505816884804517],[-5972516.949056113138795,-2707420.992878435645252],[-5972513.420228254981339,-2707387.616818087175488],[-5972504.047127130441368,-2707364.20380260143429],[-5972487.126564518548548,-2707337.850532648619264],[-5972484.911306663416326,-2707334.412096310406923],[-5972465.463791621848941,-2707314.486190115101635],[-5972462.413637562654912,-2707303.028805340174586],[-5972474.781233000569046,-2707284.135680896695703],[-5972475.872163999825716,-2707282.483292957302183],[-5972481.415874640457332,-2707258.256389304064214],[-5972457.771614796482027,-2707166.026824138592929],[-5972451.804890090599656,-2707120.62300449423492],[-5972422.260697233490646,-2707055.488128356635571],[-5972413.833811792545021,-2707036.899040796328336],[-5972408.000670474022627,-2707015.61273973993957],[-5972408.123121913522482,-2706989.843231854494661],[-5972423.707850624807179,-2706874.409470141865313],[-5972435.095834533683956,-2706829.237323905806988],[-5972461.478553852066398,-2706750.884972947183996],[-5972474.903684440068901,-2706728.69999217055738],[-5972513.80984647385776,-2706684.779653133358806],[-5972533.66924361884594,-2706662.351775716524571],[-5972554.831078818999231,-2706616.997990098781884],[-5972560.998178608715534,-2706590.09923482267186],[-5972569.358272368088365,-2706553.663278775289655],[-5972608.654052628204226,-2706499.197815419640392],[-5972651.567716329358518,-2706462.762067400850356],[-5972763.521728220395744,-2706349.907757057342678],[-5972775.95611534267664,-2706340.905203071422875],[-5972809.563469612970948,-2706335.34087401535362],[-5972819.559959885664284,-2706327.480351319070905],[-5972855.571815157309175,-2706271.982984729111195],[-5972868.11752175912261,-2706237.200035939924419],[-5972882.143777609802783,-2706219.389446092769504],[-5972904.352016023360193,-2706169.638961302116513],[-5972906.344634908251464,-2706142.182105843443424],[-5972910.53024775069207,-2706126.607043412979692],[-5972916.697347551584244,-2706103.608948629815131],[-5972919.803161344490945,-2706065.716227843426168],[-5972917.832806358113885,-2706053.919570426922292],[-5972913.224179428070784,-2706026.365722885821015],[-5972909.049698534421623,-2705963.385678969323635],[-5972901.22393833193928,-2705928.44546881178394],[-5972907.034815740771592,-2705902.021682064980268],[-5972914.315110448747873,-2705891.464328492991626],[-5972925.669698499143124,-2705886.313217194750905],[-5972928.597401106730103,-2705875.840915896464139],[-5972907.769524379633367,-2705845.529595382511616],[-5972904.830689833499491,-2705807.75897654145956],[-5972911.14250495005399,-2705773.645223441999406],[-5972908.893851236440241,-2705719.401104832999408],[-5972918.356007965281606,-2705669.336316309869289],[-5972946.119088969193399,-2705594.257651538588107],[-5972949.903951656073332,-2705545.383817712310702],[-5972971.232766079716384,-2705453.929529805667698],[-5972972.37935683503747,-2705449.021530251950026],[-5972972.234641509130597,-2705383.772006796207279],[-5972968.07129255309701,-2705371.246947318315506],[-5972958.453288537450135,-2705357.689280058257282],[-5972953.800133833661675,-2705339.138619645498693],[-5972950.827903418801725,-2705314.683852794580162],[-5972955.670301266945899,-2705284.555826013442129],[-5972964.731707817874849,-2705257.586431024596095],[-5972970.843147873878479,-2705239.388189382385463],[-5972971.533328716643155,-2705219.938689785078168],[-5972971.800495495088398,-2705212.443167541176081],[-5972975.663281825371087,-2705170.300661633256823],[-5972983.811868540011346,-2705145.068664024583995],[-5972997.838124391622841,-2705126.542547771241516],[-5973013.010970986448228,-2705105.926953884307295],[-5973016.339423750527203,-2705100.168684329371899],[-5973027.014962927438319,-2705081.691213221754879],[-5973029.207956897094846,-2705065.752741215750575],[-5973030.042853066697717,-2705059.775818325579166],[-5973027.148546306416392,-2705041.079726431518793],[-5973027.115150470286608,-2705021.788395367562771],[-5973031.790569072589278,-2705007.101245264522731],[-5973041.119142412208021,-2704988.903289781883359],[-5973053.008064016699791,-2704973.815281061455607],[-5973070.47409213334322,-2704955.459437843877822],[-5973077.620803443714976,-2704947.939743799623102],[-5973089.621044538915157,-2704925.975940443575382],[-5973100.686201924458146,-2704884.150042484048754],[-5973102.812404208816588,-2704869.001392615493387],[-5973108.033288315869868,-2704831.889083539601415],[-5973110.025907201692462,-2704794.874044999480247],[-5973112.09644974116236,-2704756.668590012006462],[-5973107.777253488078713,-2704737.657006645575166],[-5973094.174011724069715,-2704725.04741946933791],[-5973061.869095494970679,-2704717.74649734608829],[-5973049.868854388594627,-2704713.664785257540643],[-5973040.20632257591933,-2704710.384838812518865],[-5973015.281888598576188,-2704691.567677635699511],[-5972990.424246293492615,-2704669.932221504859626],[-5972972.312565152533352,-2704651.115108094643801],[-5972971.4108772771433,-2704648.078132558614016],[-5972960.668546415865421,-2704612.047498805914074],[-5972959.933837776072323,-2704609.617924278602004],[-5972954.557106371037662,-2704591.760562877636403],[-5972952.731466721743345,-2704573.818186569027603],[-5972959.811386336572468,-2704561.536720597185194],[-5972972.268037344329059,-2704551.539055482950062],[-5972977.121567154303193,-2704547.651751168072224],[-5972995.745317953638732,-2704530.802727553993464],[-5973002.424487412907183,-2704516.86919370573014],[-5973002.190716469660401,-2704502.947819857858121],[-5973001.478271729312837,-2704481.409802068490535],[-5972998.973583186045289,-2704464.062790295574814],[-5972993.752699078992009,-2704450.408713079057634],[-5972991.826871877536178,-2704445.379545226227492],[-5972992.405733240768313,-2704426.890685795806348],[-5972996.313047367148101,-2704408.778427090030164],[-5972996.992096262052655,-2704385.600596901960671],[-5972992.205358157865703,-2704375.360088310204446],[-5972984.80261201877147,-2704363.285285937134176],[-5972970.420133809559047,-2704345.853369075339288],[-5972949.469805641099811,-2704320.246100017800927],[-5972931.447180082090199,-2704289.403243746608496],[-5972927.706845192238688,-2704277.80226364871487],[-5972922.040683099068701,-2704260.20037382049486],[-5972914.448693837970495,-2704233.742911433801055],[-5972911.576650975272059,-2704223.757599577773362],[-5972905.966148628853261,-2704208.147970089688897],[-5972897.606054869480431,-2704194.09324286878109],[-5972894.066095063462853,-2704165.935235462617129],[-5972883.73564631678164,-2704096.475790605414659],[-5972880.596436687745154,-2704075.181271526496857],[-5972880.262478215619922,-2704063.677627023309469],[-5972880.1734226224944,-2704049.975303121376783],[-5972884.436959109269083,-2704028.692993609234691],[-5972893.064219656400383,-2703985.593974418006837],[-5972892.006684483028948,-2703945.592649709433317],[-5972888.945398486219347,-2703933.044426100328565],[-5972874.685371726751328,-2703892.49660366633907],[-5972861.905894183553755,-2703860.986473760567605],[-5972854.915030150674284,-2703824.03442699695006],[-5972858.866872085258365,-2703815.19121483899653],[-5972868.284500994719565,-2703799.654869112186134],[-5972884.436959109269083,-2703786.560134415049106],[-5972905.621058218181133,-2703773.744796892628074],[-5972930.634547798894346,-2703763.735478820744902],[-5972988.709926134906709,-2703751.612551018130034],[-5973016.473007149994373,-2703743.59538941970095],[-5973032.169055351987481,-2703734.278480920009315],[-5973047.341901946812868,-2703722.349930646829307],[-5973065.731881815008819,-2703700.242050515953451],[-5973076.67458776012063,-2703687.098808841779828],[-5973099.105465155094862,-2703646.782407776918262],[-5973121.002008994109929,-2703623.192683796398342],[-5973130.697936654090881,-2703612.758311372250319],[-5973153.273529386147857,-2703583.823917363770306],[-5973172.398217903450131,-2703528.749107709154487],[-5973184.598834095522761,-2703481.849425345659256],[-5973193.927407423965633,-2703446.015780205838382],[-5973205.181807931512594,-2703421.685388414654881],[-5973219.887112677097321,-2703400.391770984046161],[-5973222.8148152846843,-2703396.929890617728233],[-5973240.191787797026336,-2703376.450150647666305],[-5973247.828304865397513,-2703360.331180457491428],[-5973246.581526569090784,-2703344.115051313769072],[-5973246.492470965720713,-2703342.912507563829422],[-5973244.510984039865434,-2703331.336510233581066],[-5973243.664955909363925,-2703322.505718356464058],[-5973245.757762325927615,-2703316.772387037985027],[-5973251.078833986073732,-2703312.520977423060685],[-5973258.203281408175826,-2703307.34640613431111],[-5973264.659811872988939,-2703300.471274082083255],[-5973267.186764314770699,-2703292.7823048485443],[-5973270.348237852565944,-2703287.06113107316196],[-5973271.895578774623573,-2703280.987700463738292],[-5973272.797266650944948,-2703275.764551979489625],[-5973271.595016139559448,-2703267.37107741041109],[-5973270.604272671043873,-2703259.706417827866971],[-5973270.325973944738507,-2703249.369458032771945],[-5973270.114466923289001,-2703245.50676501262933],[-5973271.060682583600283,-2703242.081358798313886],[-5973272.218405298888683,-2703239.506231199484318],[-5973273.654426729306579,-2703236.773195287212729],[-5973277.606268653646111,-2703231.392152617219836],[-5973282.816020822152495,-2703224.091914787888527],[-5973287.391251892782748,-2703218.115682634990662],[-5973291.754975932650268,-2703213.912886577658355],[-5973297.421138013713062,-2703208.592585642822087],[-5973302.074292717501521,-2703203.126524889841676],[-5973306.838766935281456,-2703198.32853978453204],[-5973310.679289355874062,-2703191.927179599646479],[-5973313.239637644030154,-2703186.946996043901891],[-5973318.015243810601532,-2703182.732061432674527],[-5973319.963334899395704,-2703181.067952104844153],[-5973323.325183521956205,-2703178.164871271234006],[-5973327.666643662378192,-2703174.678745640441775],[-5973329.703790333122015,-2703173.038930694572628],[-5973334.201097772456706,-2703166.078829196747392],[-5973337.017480888403952,-2703160.114765563048422],[-5973338.932176130823791,-2703153.701273986138403],[-5973341.33667713124305,-2703150.44594212109223],[-5973344.342303371988237,-2703148.951890779193491],[-5973347.770943688228726,-2703148.587488033343107],[-5973350.80996578745544,-2703148.344552862923592],[-5973352.635605447925627,-2703148.648221824783832],[-5973354.138418561778963,-2703148.271672328468412],[-5973355.073502296581864,-2703146.121696344111115],[-5973355.819342873059213,-2703142.441229654941708],[-5973355.886134578846395,-2703138.821497567463666],[-5973356.999329486861825,-2703133.987091565970331],[-5973358.335163375362754,-2703131.849264253862202],[-5973360.973435296677053,-2703130.889671407174319],[-5973366.995819749310613,-2703128.593936852645129],[-5973375.144406486302614,-2703127.695077911484987],[-5973385.274480148218572,-2703127.379262606613338],[-5973394.369282545521855,-2703125.970240624155849],[-5973404.632939597591758,-2703124.755566590931267],[-5973414.039436569437385,-2703123.783827418927103],[-5973423.156502865254879,-2703121.658148225396872],[-5973432.48507618252188,-2703119.277387849986553],[-5973439.119717833586037,-2703114.880270123016089],[-5973450.340722517110407,-2703108.98910603672266],[-5973464.478297836147249,-2703100.194877481088042],[-5973474.129697687923908,-2703090.86619836371392],[-5973484.57146592438221,-2703078.792369174771011],[-5973495.224741204641759,-2703065.916867249179631],[-5973507.058003065176308,-2703056.478888002689928],[-5973520.026723752729595,-2703048.705009665340185],[-5973533.496382138691843,-2703040.25092130433768],[-5973540.119891841895878,-2703035.938852093648165],[-5973544.416824186220765,-2703031.068037288729101],[-5973549.60431245714426,-2703024.593864291440696],[-5973555.103495291434228,-2703019.140013305470347],[-5973564.810554889030755,-2703010.613060693722218],[-5973578.948130230419338,-2703000.956474555656314],[-5973595.913220627233386,-2702993.619902354199439],[-5973617.898820058442652,-2702989.514338582288474],[-5973630.823012939654291,-2702986.817785437218845],[-5973643.724941923283041,-2702978.813155127689242],[-5973657.806857508607209,-2702971.294393758289516],[-5973684.078257324174047,-2702956.232588451355696],[-5973699.440347054041922,-2702948.85959700262174],[-5973724.498364442028105,-2702937.502524590585381],[-5973747.252068349160254,-2702930.044515651650727],[-5973772.543856669217348,-2702923.558237121906132],[-5973795.01926186028868,-2702916.488925312645733],[-5973804.013876705430448,-2702909.905479666311294],[-5973807.286669733934104,-2702901.196386953350157],[-5973764.862811803817749,-2702823.422092045191675],[-5973669.094653874635696,-2702647.942424127366394],[-5973590.35837802477181,-2702041.728295234963298],[-5973525.47024685330689,-2701902.196637133602053],[-5973609.817025027237833,-2700812.354044912848622],[-5973611.798511964268982,-2700786.7888855766505],[-5973701.232590866275132,-2699631.492903615348041],[-5973576.031559571623802,-2696915.761218255851418],[-5973534.253354676067829,-2696009.931934630032629],[-5973493.432497402653098,-2695124.683834963478148],[-5973073.913864398375154,-2692367.609299567528069],[-5972803.596744906157255,-2690591.44815167831257],[-5972879.238338900730014,-2689948.12812933512032],[-5972773.640669923275709,-2689583.399431305471808],[-5972756.74237123131752,-2689270.512715229298919],[-5973064.462839620187879,-2688668.67717819660902],[-5973606.622155641205609,-2688494.105293111875653],[-5973830.808478139340878,-2688329.826209947932512],[-5973954.35084902215749,-2687817.874123291578144],[-5974060.126629184000194,-2687590.208932928740978],[-5974044.007566917687654,-2687489.477128804195672],[-5973844.300400434061885,-2687207.756654833909124],[-5973502.905786069110036,-2687373.383326926268637],[-5972981.574346786364913,-2687507.78864566469565],[-5972702.173556844703853,-2687756.822498727124184],[-5972312.789109998382628,-2687840.676012136507779],[-5972161.049512097612023,-2688007.729051918722689],[-5972101.46018866635859,-2688184.649901448749006],[-5971864.427596931345761,-2688384.035572666209191],[-5971527.708401179872453,-2688531.131121018435806],[-5971286.980002338066697,-2688636.153387671802193],[-5970996.647638389840722,-2689181.226858859416097],[-5970724.371295858174562,-2689388.74412053450942],[-5970688.370572546496987,-2689492.534100842196494],[-5970616.04629937838763,-2689482.157499823719263],[-5970580.813680530525744,-2689625.07604893296957],[-5970393.051095410250127,-2689675.442519634962082],[-5970109.242053643800318,-2689610.815691433846951],[-5969900.529140344820917,-2689627.260615460574627],[-5969855.878892598673701,-2689790.315075074788183],[-5969631.959736867807806,-2690038.704762467183173],[-5969250.590293359011412,-2690195.075972737744451],[-5969401.52839092630893,-2690360.393704483285546],[-5969258.44944940879941,-2690525.16697131190449],[-5968802.941225032322109,-2690774.150654575321823],[-5968570.272357314825058,-2690818.682657598983496],[-5968483.16485576890409,-2690917.299213273450732],[-5968332.582980571314692,-2690946.914642173796892],[-5968111.836430340074003,-2691218.226079136598855],[-5967881.972813800908625,-2691150.085244552697986],[-5967778.334367872215807,-2691511.135443436447531],[-5967605.444066721014678,-2691693.690651862882078],[-5967314.855667955242097,-2691786.923274240456522],[-5967172.489171179011464,-2691763.290373499505222],[-5966803.086572931148112,-2691903.09763543214649],[-5966733.255856355652213,-2692247.911408769432455],[-5966611.216298599727452,-2692319.467843665275723],[-5966532.891904877498746,-2692503.379667609464377],[-5966216.477384246885777,-2692513.661118366755545],[-5966141.002769488841295,-2692650.34313413919881],[-5965925.933513265103102,-2692702.891974827740341],[-5965813.267056644894183,-2692884.295444159768522],[-5965363.669897217303514,-2693197.896203568670899],[-5965315.301578478887677,-2693535.12645715335384],[-5965261.367285190150142,-2693567.198905610945076],[-5965128.819167502224445,-2693530.634862767532468],[-5965080.48424459900707,-2693664.436358630191535],[-5964912.414077389054,-2693816.424173835199326],[-5964763.758029383607209,-2694413.148135139141232],[-5964718.239489608444273,-2694476.592489845585078],[-5964669.526080437935889,-2694360.265891836490482],[-5964615.324620371684432,-2694368.654684128239751],[-5964525.044513337314129,-2694753.900449375621974],[-5964440.141137709841132,-2694786.75232831761241],[-5964450.137627982534468,-2694911.531809746753424],[-5964363.44200855307281,-2694850.659502802416682],[-5964232.10727331507951,-2694884.14288506610319],[-5964184.518191000446677,-2694830.397113024257123],[-5964120.776650572195649,-2694972.270802601706237],[-5964021.067782669328153,-2695036.652201726101339],[-5963865.443134540691972,-2695023.916731839068234],[-5963617.812927270308137,-2695090.920714334584773],[-5963483.9512395914644,-2695202.651299411896616],[-5963531.618245549499989,-2695264.39908162644133],[-5963097.116009074263275,-2695303.759471578989178],[-5962763.15753670502454,-2695544.464569950476289],[-5962420.371428693644702,-2695495.827910075429827],[-5962250.865240074694157,-2695569.086480170022696],[-5962020.389366324990988,-2695510.821971904486418],[-5961936.532393921166658,-2695519.769851959310472],[-5961913.934537290595472,-2695637.768212301190943],[-5961529.336828548461199,-2695644.676467210520059],[-5961452.24808116350323,-2695685.106208720710129],[-5961186.884679021313787,-2695627.266213648952544],[-5961008.261424095369875,-2695721.748026781249791],[-5960957.065590279176831,-2695811.361786763649434],[-5960628.038571340963244,-2695895.391078557353467],[-5960567.280393254943192,-2695974.67356370575726],[-5960481.653440948575735,-2695960.698934777174145],[-5960366.771726437844336,-2696056.469703808426857],[-5960368.530574403703213,-2696158.093219100032002],[-5960288.703367544338107,-2696269.005642889998853],[-5959965.097607808187604,-2696423.410131701733917],[-5959950.893240794539452,-2696501.966735183261335],[-5959889.144319252111018,-2696518.649439207278192],[-5959833.718344786204398,-2696464.643194103147835],[-5959332.368754088878632,-2696903.934900834690779],[-5959248.211219060234725,-2696902.125742164906114],[-5959196.904065753333271,-2696958.088335731066763],[-5959146.465204463340342,-2696946.310555117670447],[-5958879.298426571302116,-2696567.969150755554438],[-5958770.361172880977392,-2696546.45398459630087],[-5958643.479217275045812,-2696407.905265036504716],[-5958239.634368564002216,-2696196.083824694622308],[-5958245.233738950453699,-2696086.361762709449977],[-5958047.140705084428191,-2695862.949721806216985],[-5957926.693016056902707,-2695630.689985854551196],[-5957736.436874342150986,-2695641.677628595847636],[-5957670.702715017832816,-2695447.312807198148221],[-5957490.02004952263087,-2695333.140208307653666],[-5957440.182313494384289,-2695146.282071434427053],[-5957295.92338537517935,-2695125.521540061570704],[-5957224.60098762344569,-2695040.646455097012222],[-5956902.921055067330599,-2694881.484122284222394],[-5956819.142006296664476,-2694289.17378530325368],[-5956688.352736574597657,-2693931.714936236850917],[-5955969.351277489215136,-2691003.790984330698848],[-5955383.209630656056106,-2690647.327975686173886],[-5955438.390702242031693,-2690572.234955781139433],[-5954262.556316851638258,-2690546.042904022149742],[-5952569.687424510717392,-2690419.01570212515071],[-5951778.584331238642335,-2690291.152056305203587],[-5951656.110627467744052,-2690228.234050604049116],[-5951247.423380917869508,-2689774.015622672624886],[-5950807.499885252676904,-2689547.160037748515606],[-5950609.596094520762563,-2689380.394347802735865],[-5950552.934473695233464,-2689234.116259410511702],[-5950333.301118371076882,-2689514.015506802592427],[-5950324.18405207619071,-2689849.517544336151332],[-5950306.795947614125907,-2689893.063903784845024],[-5950353.895224168896675,-2689946.39257779950276],[-5950279.300033388659358,-2690019.31017832737416],[-5950213.087200252339244,-2690153.288639321923256],[-5950245.592491564340889,-2690345.295237170998007],[-5950213.922096445225179,-2690420.241547431796789],[-5950216.916590736247599,-2690520.312107129953802],[-5950235.640529098920524,-2690556.213862485252321],[-5950278.342685766518116,-2690530.737929750233889],[-5950304.202203477732837,-2690550.12099638255313],[-5950300.116778166033328,-2690737.605132221244276],[-5950327.72401188313961,-2690783.848401007708162],[-5950327.122886621393263,-2690887.295441188849509],[-5950352.704105605371296,-2690951.065661598462611],[-5950329.961533636786044,-2691057.608861677348614],[-5950378.864185953512788,-2691180.429363775067031],[-5950370.838050667196512,-2691228.178986292798072],[-5950404.990870431996882,-2691360.808133695740253],[-5950376.504212749190629,-2691430.297166748903692],[-5950373.598774039186537,-2691507.54262246703729],[-5950295.597206840291619,-2691557.550878759473562],[-5950331.575666263699532,-2691868.710130849387497],[-5950324.618198079057038,-2691893.4599016639404],[-5950266.119805678725243,-2691914.167684418614954],[-5950291.62310101930052,-2691973.001724537461996],[-5950298.224346811883152,-2692071.673947875853628],[-5950252.483168056234717,-2692119.171324394643307],[-5950170.785793762654066,-2692282.809545247815549],[-5949960.46987980697304,-2693105.323008673265576],[-5950018.111112140119076,-2693193.453260662499815],[-5950027.461949354968965,-2693285.225774793419987],[-5949963.230603178963065,-2693323.452338501811028],[-5949672.341641786508262,-2693377.350856044795364],[-5949433.450014544650912,-2693516.383163522928953],[-5949439.483530933968723,-2693646.518401505891234],[-5949359.500476798973978,-2693870.130117883440107],[-5949369.586022675968707,-2694023.078933864366263],[-5949220.896578823216259,-2694224.953216309193522],[-5949191.307858170941472,-2694294.430414187256247],[-5949222.466183643788099,-2694554.33826899388805],[-5946002.783683379180729,-2694670.678419627714902],[-5945545.806041724048555,-2699649.879050891380757],[-5945470.999343910254538,-2700465.24218958010897],[-5945314.04999384097755,-2700420.622571659740061],[-5945142.16156810708344,-2700325.602875768672675],[-5944891.881956956349313,-2700228.397729493677616],[-5944721.908226464875042,-2700093.144627551082522],[-5944303.825614892877638,-2699916.274113939143717],[-5944156.104650609195232,-2699780.56217834353447],[-5944018.346780752763152,-2699714.30359804444015],[-5943951.989232291467488,-2699623.344228219706565],[-5943883.204918929375708,-2699593.773436618503183],[-5943784.31981525849551,-2699618.353014776017517],[-5943739.268817333504558,-2699649.733321779407561],[-5943488.33242117613554,-2699684.74478201335296],[-5943418.624156042002141,-2699616.798573939595371],[-5943326.718784454278648,-2699587.677124164998531],[-5943129.716681585647166,-2699430.03603685554117],[-5942977.375958435237408,-2699409.537102237343788],[-5942845.963299565017223,-2699312.046083984430879],[-5942686.07511492818594,-2699322.429067682474852],[-5942545.690105099231005,-2699362.940984468441457],[-5942347.597071233205497,-2699358.787779637612402],[-5942102.694191487506032,-2699286.228308187797666],[-5942018.725899581797421,-2699287.624847215600312],[-5941856.143783278763294,-2699367.167053653392941],[-5941795.229757905006409,-2699360.330051482189447],[-5941516.897635074332356,-2699127.315110239665955],[-5941338.163060668855906,-2698907.904317593667656],[-5941225.997541734017432,-2698802.26810709387064],[-5941057.782659196294844,-2698774.653928458690643],[-5940980.782967425882816,-2698729.699022120330483],[-5940813.046758698299527,-2698717.324908861890435],[-5940804.219123078510165,-2698690.536625884938985],[-5940753.012157313525677,-2698534.179439501371235],[-5940776.277930878102779,-2698449.650535917375237],[-5940729.980154657736421,-2698415.89252966735512],[-5940728.866959759965539,-2698346.919558981899172],[-5940651.644628996960819,-2698279.367623195517808],[-5940620.775734200142324,-2698034.529162570368499],[-5940630.516189644113183,-2697927.016599437687546],[-5940588.793644484132528,-2697819.614044507034123],[-5940673.863999349065125,-2697664.965348615311086],[-5940676.624722720123827,-2697607.421747754327953],[-5940724.859458080492914,-2697522.22991417394951],[-5940711.779417913407087,-2697422.84406351717189],[-5940745.019417874515057,-2697325.535168939270079],[-5940813.191474036313593,-2697217.408124667126685],[-5940813.213737933896482,-2696988.067076277453452],[-5940766.849170008674264,-2696946.419833453837782],[-5940773.795506244525313,-2696904.347729014232755],[-5940811.955827688798308,-2696903.53421465633437],[-5940772.214769475162029,-2696816.087734940461814],[-5940801.692170626483858,-2696758.122226181905717],[-5940808.24888863414526,-2696677.682378742843866],[-5940792.519444584846497,-2696486.206816842313856],[-5940692.220583380199969,-2696464.716044143307954],[-5940665.002967881970108,-2696430.6101257908158],[-5940666.739551948383451,-2696359.253835139330477],[-5940704.821949738077819,-2696299.675158367026597],[-5940662.709786382503808,-2696058.861552116461098],[-5940666.928795082494617,-2695966.69673232967034],[-5940696.250348958186805,-2695893.484904201701283],[-5940659.681896220892668,-2695755.743161764461547],[-5940692.543409914709628,-2695671.265384797006845],[-5940658.74681250937283,-2695645.684174250811338],[-5940720.094983886927366,-2695502.141197543591261],[-5940730.469960427843034,-2695425.119260688312352],[-5940677.270375765860081,-2695326.450622590258718],[-5940691.341159403324127,-2695249.563080716878176],[-5940602.107455583289266,-2695139.653267254121602],[-5940638.976470934227109,-2695085.554557909723371],[-5940580.923356496728957,-2695025.227914174087346],[-5940595.350362491793931,-2694967.645258548203856],[-5940575.413041701540351,-2694914.057032113429159],[-5940589.728728218004107,-2694856.462636545300484],[-5940576.537368559278548,-2694634.330378049053252],[-5940590.808527278713882,-2694587.69962808303535],[-5940547.861467730253935,-2694512.199621277861297],[-5940594.660181660205126,-2694354.244417005218565],[-5940506.517408849671483,-2694296.190717536024749],[-5940512.550925250165164,-2694213.687328349333256],[-5940561.431313658133149,-2694178.493619576096535],[-5940555.164026315324008,-2694140.216452005784959],[-5940424.330228785984218,-2693828.017552909906954],[-5940423.807027189992368,-2693797.219243961386383],[-5940491.266638611443341,-2693750.275305769406259],[-5940509.200208578258753,-2693661.899194115307182],[-5940451.469920652918518,-2693628.430511201266199],[-5940454.486678852699697,-2693464.038019479718059],[-5940423.294957533478737,-2693418.090486689470708],[-5940365.575801556929946,-2693384.294552131555974],[-5940395.587536274455488,-2693349.345454987604171],[-5940349.712774119339883,-2693346.40774347120896],[-5940244.838681831024587,-2693451.595147488638759],[-5940206.967791074886918,-2693463.698116505518556],[-5940198.997315522283316,-2693440.645428158342838],[-5940265.911461449228227,-2693343.834211500827223],[-5940300.264656307175756,-2693239.98283064737916],[-5940475.893416932784021,-2693255.994472394231707],[-5940585.732358498498797,-2693212.099062161985785],[-5940639.232505773194134,-2693165.205398346297443],[-5940756.463061517104506,-2693174.819620051421225],[-5940736.72611581068486,-2693129.139979296829551],[-5940668.064253889024258,-2693126.420812649652362],[-5940658.145687259733677,-2693103.574975528754294],[-5940706.603061590343714,-2693037.708254770841449],[-5940753.245928243733943,-2692864.411853213328868],[-5940805.45476942602545,-2692790.777231673710048],[-5940804.130067485384643,-2692694.54047278361395],[-5940998.716537381522357,-2692359.585713511798531],[-5940967.55821190867573,-2692256.541862556245178],[-5940986.215358576737344,-2692201.930954211391509],[-5941092.236041597090662,-2692081.845876074861735],[-5941096.243543275631964,-2692037.480293889064342],[-5941164.126168763265014,-2691991.961698564235121],[-5941167.654996609315276,-2691908.025748406071216],[-5941198.95803743135184,-2691875.289026457816362],[-5941212.650334788486362,-2691811.126702347304672],[-5941271.081935505382717,-2691780.477934214286506],[-5941284.217635419219732,-2691691.882082733791322],[-5941332.463502739556134,-2691651.098296268377453],[-5941321.465137049555779,-2691572.589799995534122],[-5941246.302216866053641,-2691465.181381990667433],[-5941233.956885325722396,-2691322.331366592552513],[-5941346.200327903032303,-2691145.837072441354394],[-5941339.064748543314636,-2691007.72354297619313],[-5941377.013562954962254,-2690928.113693470135331],[-5941365.146905236877501,-2690800.173156416974962],[-5941295.43864010181278,-2690741.998843867331743],[-5941258.825659579597414,-2690589.84603969193995],[-5941201.440462076105177,-2690529.099412370007485],[-5941211.10299386549741,-2690514.13429461652413],[-5941279.798251633532345,-2690527.582266773562878],[-5941333.042364092543721,-2690487.493263977114111],[-5941352.155920648947358,-2690452.611179735511541],[-5941326.830736494623125,-2690413.602564569562674],[-5941379.484855640679598,-2690333.837888852227479],[-5941381.455210627056658,-2690156.32285968400538],[-5941420.160997587256134,-2690126.138461111113429],[-5941433.252169703133404,-2690022.08950089616701],[-5941386.008177800104022,-2689986.152533172629774],[-5941415.095960755832493,-2689960.859558685217053],[-5941340.812464538030326,-2689927.665624462533742],[-5941300.882163191214204,-2689864.142214286606759],[-5941339.309651423245668,-2689824.10341940401122],[-5941388.501734405755997,-2689838.012004263699055],[-5941397.540877057239413,-2689788.628087050281465],[-5941460.659028337337077,-2689757.898235582746565],[-5941455.994741673581302,-2689728.078684929292649],[-5941410.78789646178484,-2689699.606345294974744],[-5941458.855652586556971,-2689644.591520461253822],[-5941517.55442008189857,-2689628.838358147069812],[-5941547.343515818938613,-2689517.316606783308089],[-5941506.756429474800825,-2689429.14591666823253],[-5941504.95305372402072,-2689316.047844133339822],[-5941475.497916460037231,-2689301.023179065436125],[-5941541.321131366305053,-2689147.791818525176495],[-5941566.301225100643933,-2689167.07612183643505],[-5941687.706261759623885,-2689110.740292749367654],[-5941711.372785502113402,-2689056.055164395831525],[-5941825.38620797265321,-2688997.377476902212948],[-5941839.523783291690052,-2688952.95976338442415],[-5942005.078130010515451,-2688890.665948089212179],[-5942052.978906898759305,-2688826.005879466421902],[-5942037.717004711739719,-2688776.964886616449803],[-5941917.992892363108695,-2688670.376183981075883],[-5941950.932329689152539,-2688586.154256421141326],[-5941985.018357758410275,-2688565.802712982986122],[-5941967.107051701284945,-2688524.092445066664368],[-5941986.298531913198531,-2688494.481497421860695],[-5942132.416495529934764,-2688442.516843727789819],[-5942172.068498150445521,-2688471.399558978155255],[-5942260.23353485763073,-2688466.630266683641821],[-5942382.28422456420958,-2688438.232983266934752],[-5942411.082576832734048,-2688403.513125227298588],[-5942389.408671975135803,-2688275.337915175128728],[-5942410.748618359677494,-2688228.4223069739528],[-5942397.813293519429862,-2688041.222388833761215],[-5942440.871672557666898,-2687986.29820716008544],[-5942513.719147343188524,-2687945.851509709842503],[-5942517.693253165110946,-2687881.437958157155663],[-5942541.582415889017284,-2687851.524820019025356],[-5942482.093280008994043,-2687798.239526546560228],[-5942520.320393136702478,-2687752.817928024567664],[-5942514.876870048232377,-2687673.903819283936173],[-5942611.602375597693026,-2687577.467253027483821],[-5942562.699723280966282,-2687498.481198749039322],[-5942625.339200762100518,-2687447.260000357870013],[-5942603.130962348543108,-2687265.287126206792891],[-5942597.231029325164855,-2687216.833374413195997],[-5942479.510667811147869,-2687204.164799308404326],[-5942234.563260269351304,-2687057.930851390585303],[-5942039.008310805074871,-2687080.634582364931703],[-5941786.936455852352083,-2686947.082257999107242],[-5941728.092973018996418,-2686948.028745205141604],[-5941489.357193063944578,-2686880.379319614265114],[-5941317.880649435333908,-2686878.413546851836145],[-5941234.023677031509578,-2686845.395881139673293],[-5941106.585123960860074,-2686837.38719627680257],[-5940922.963623908348382,-2686697.551350069697946],[-5940749.93973935674876,-2686752.107085207011551],[-5940612.526959932409227,-2686734.742906474508345],[-5940463.314314473420382,-2686599.106384195853025],[-5940304.873283226974308,-2686384.757394593209028],[-5940304.30555381346494,-2686379.345620251260698],[-5940295.121695833280683,-2686379.91591925593093],[-5940295.210751415230334,-2686396.855022359173745],[-5940295.032640241086483,-2686396.842888314276934],[-5940294.364723285660148,-2686425.734050292987376],[-5940307.377971769310534,-2686678.342824712861329],[-5940306.220249054022133,-2686905.121381331700832],[-5940315.682405782863498,-2686939.571034582797438],[-5940323.67514522280544,-2686976.471925301477313],[-5940329.229987813159823,-2687009.514130072668195],[-5940330.220731270499527,-2687026.417495099827647],[-5940331.589961017481983,-2687049.679369749035686],[-5940329.5305504379794,-2687126.940100230742246],[-5940317.764080260880291,-2687191.277810771018267],[-5940315.715801630169153,-2687200.305982445366681],[-5940308.446638882160187,-2687232.341471354011446],[-5940296.669036755338311,-2687269.303709752857685],[-5940272.022901482880116,-2687339.333187719341367],[-5940269.362365663982928,-2687346.893137524835765],[-5940232.059204287827015,-2687425.866309713106602],[-5940212.600557308644056,-2687470.777317731641233],[-5940188.47762365359813,-2687527.265132887754589],[-5940176.265875512734056,-2687575.307235928252339],[-5940170.310282755643129,-2687615.170519936829805],[-5940167.471635730005801,-2687634.113198958802968],[-5940164.076391272246838,-2687729.203116288874298],[-5940163.809224493801594,-2687776.796826932579279],[-5940163.697905003093183,-2687796.115884940605611],[-5940167.883517856709659,-2687857.568118879105896],[-5940176.187951870262623,-2687949.018799163866788],[-5940194.889626312069595,-2688076.936556741129607],[-5940248.144870719872415,-2688595.450199592858553],[-5940280.7726134583354,-2688872.571296732407063],[-5940282.809760151430964,-2688956.673370779957622],[-5940277.577744085341692,-2689016.770823261700571],[-5940276.297569929622114,-2689031.5160929155536],[-5940272.379123863764107,-2689176.360266059171408],[-5940270.943102433346212,-2689210.681306131184101],[-5940260.579257841221988,-2689238.533830830361694],[-5940236.556511727161705,-2689275.743423067498952],[-5940205.442714039236307,-2689308.025787774473429],[-5940185.928407314233482,-2689321.084386853966862],[-5940182.62221843842417,-2689323.293184408452362],[-5940107.45929825399071,-2689336.084798211697489],[-5939995.705661446787417,-2689346.679757419507951],[-5939983.204482630826533,-2689348.221063652541488],[-5939902.286344761960208,-2689358.221353275235742],[-5939308.051770970225334,-2689429.425052292179316],[-5939213.118509220890701,-2689445.86979001853615],[-5939172.787457695230842,-2689463.346134982537478],[-5939133.224510679021478,-2689498.068290820810944],[-5939109.157236757688224,-2689559.660556054674089],[-5939105.261054591275752,-2689619.117038436699659],[-5939112.997759201563895,-2690026.106775856111199],[-5939114.044162414968014,-2690241.220578591804951],[-5939115.168489272706211,-2690621.997544744517654],[-5939115.613767235539854,-2690646.514779617078602],[-5939115.558107490651309,-2690679.273262460250407],[-5939091.090083402581513,-2690732.592418459709734],[-5939090.477826213464141,-2690733.927523653954268],[-5939040.094624670222402,-2690843.709964725188911],[-5938988.275401716120541,-2690956.636768283322453],[-5938904.31824176106602,-2691144.611171558964998],[-5938678.584578329697251,-2691610.484545563347638],[-5938630.605877798050642,-2691710.513995967805386],[-5938073.930500187911093,-2692870.711962686385959],[-5938125.115202055312693,-2692922.53318853257224],[-5938193.276126268319786,-2692987.561841838527471],[-5938323.842757008038461,-2693119.113054607063532],[-5938475.793861952610314,-2693270.039572390262038],[-5938581.090968281961977,-2693380.640613773372024],[-5938690.35104850679636,-2693497.749146648216993],[-5938826.784216422587633,-2693636.879617153201252],[-5938909.08271596673876,-2693720.642546872142702],[-5938999.463010541163385,-2693814.785319869406521],[-5939067.4569555176422,-2693886.069552347064018],[-5939076.796660795807838,-2693907.386901596561074],[-5939085.312601829878986,-2693923.217115547508001],[-5939089.186520121060312,-2693937.481317143887281],[-5939080.036057977937162,-2693950.567974591162056],[-5939066.577531529590487,-2693962.379966800101101],[-5939047.118884550407529,-2693969.991604633163661],[-5939027.292883239686489,-2693973.026548959780484],[-5938975.941202136687934,-2693994.295454959385097],[-5938973.881791557185352,-2693996.189263018779457],[-5938964.09680831618607,-2694005.209134021308273],[-5938954.011262450367212,-2694019.70406524464488],[-5938950.938844493590295,-2694028.578271678183228],[-5938950.014892731793225,-2694031.261172264348716],[-5938924.600652983412147,-2694065.786865225527436],[-5938832.261135359294713,-2694191.204136033542454],[-5938446.861926294863224,-2694719.90744541073218],[-5938294.432147540152073,-2694946.799975576810539],[-5938292.706695443950593,-2694958.212066555395722],[-5938286.550727592781186,-2694999.004288163501769],[-5938284.402261431328952,-2694999.854127207770944],[-5938252.34224808216095,-2695031.067533033899963],[-5938134.900185295380652,-2695194.662712678778917],[-5938022.545423226431012,-2695355.977090993896127],[-5937925.307848029769957,-2695503.901633932255208],[-5937808.923320394940674,-2695652.131072530057281],[-5937718.999435743317008,-2695778.010014359373599],[-5937660.990849090740085,-2695865.547941802535206],[-5937591.816917511634529,-2695969.707773237023503],[-5937451.231532578356564,-2696161.638519486878067],[-5937296.007634626701474,-2696397.099219642113894],[-5937127.469925565645099,-2696638.804276154842228],[-5937005.842249924317002,-2696819.475336112547666],[-5936913.936878314241767,-2696942.097268698271364],[-5936861.516530111432076,-2697018.592267264612019],[-5936852.744554236531258,-2697029.653717202600092],[-5936839.73130576312542,-2697042.354359649121761],[-5936813.59348932467401,-2697056.026381804142147],[-5936775.833918048068881,-2697070.536222760099918],[-5936741.848077497445047,-2697083.576877667102963],[-5936667.653636895120144,-2697117.672048074193299],[-5936576.393918330781162,-2697160.813228045590222],[-5936540.448854764923453,-2697189.905966845806688],[-5936507.386965988203883,-2697232.561651716474444],[-5936482.495927859097719,-2697264.677948518190533],[-5936451.40439407993108,-2697304.808232438750565],[-5936399.930261536501348,-2697379.058630305342376],[-5936359.020348659716547,-2697438.094924810342491],[-5936273.716222875751555,-2697553.921806006226689],[-5936253.790034023113549,-2697580.987459996249527],[-5936183.836865997873247,-2697677.132222198415548],[-5936101.86119297798723,-2697789.548744205851108],[-5936058.658098600804806,-2697851.889377407263964],[-5935965.071802701801062,-2697986.90491778543219],[-5935864.594830301590264,-2698123.439466339536011],[-5935864.127288450486958,-2698124.070898826699704],[-5935860.398085498251021,-2698127.762350861448795],[-5935850.969324627891183,-2698137.075985292438418],[-5935800.218768786638975,-2698144.22818020824343],[-5935800.864421832375228,-2698289.749935191590339],[-5935801.254040050320327,-2698356.269750588107854],[-5935802.567610030993819,-2698437.920227816328406],[-5935804.137214851565659,-2698478.454186155926436],[-5935804.370985781773925,-2698485.023660038597882],[-5935805.90719476621598,-2698524.464846591465175],[-5935784.96799854747951,-2698689.079422284848988],[-5935776.619036726653576,-2698752.625765660312027],[-5935776.296210215426981,-2698755.127308537717909],[-5935741.642452720552683,-2699018.835841835476458],[-5935703.99420094396919,-2699301.748113854788244],[-5935688.264756896533072,-2699435.755827220156789],[-5935682.086525144986808,-2699488.484861691948026],[-5935653.911562036722898,-2699673.669348189141601],[-5935626.215272727422416,-2699862.147076509427279],[-5935603.906846761703491,-2700027.504112710710615],[-5935574.407181712798774,-2700244.42852243129164],[-5935543.705266152508557,-2700463.201877697370946],[-5935502.684033783152699,-2700741.463962669484317],[-5935501.136692861095071,-2700762.705449888948351],[-5935498.899171106517315,-2700776.064890302252024],[-5935496.91768417134881,-2700787.966946651227772],[-5935495.615246118046343,-2700795.727577964775264],[-5935484.794991623610258,-2700860.508957534562796],[-5935455.373250195756555,-2701059.992079624440521],[-5935440.189271663315594,-2701192.909342061728239],[-5935440.322855051606894,-2701200.463700732216239],[-5935444.797898582182825,-2701261.955341771245003],[-5935451.75536675658077,-2701290.800504943355918],[-5935470.868923326022923,-2701425.954452701844275],[-5935488.056652704253793,-2701559.166258125565946],[-5935491.284917926415801,-2701592.323636466637254],[-5935514.41710811201483,-2701745.40716646052897],[-5935519.014603093266487,-2701788.099320605397224],[-5935530.235607753507793,-2701892.079181880690157],[-5935537.504770514555275,-2701986.257999069523066],[-5935536.903645252808928,-2702067.416925611905754],[-5935502.372339208610356,-2702227.148907799273729],[-5935444.809030530974269,-2702431.313270006328821],[-5935381.390316614881158,-2702668.093275582883507],[-5935330.495045435614884,-2702848.213138748891652],[-5935324.906806985847652,-2702876.174473381601274],[-5935321.400243037380278,-2702893.774834704585373],[-5935291.399640268646181,-2703044.040684492792934],[-5935254.641944408416748,-2703148.259525558911264],[-5935205.438729466870427,-2703313.553462508600205],[-5935199.694643753580749,-2703327.267300169914961],[-5935165.10767796356231,-2703409.854247773066163],[-5935144.402252664789557,-2703459.292440009769052],[-5935099.852192449383438,-2703558.157137436326593],[-5935070.92025679256767,-2703610.280300761573017],[-5935004.651763934642076,-2703729.686838304623961],[-5934909.93000921793282,-2703932.449205684475601],[-5934907.291737286373973,-2703937.696864106226712],[-5934842.915675749070942,-2704065.694104763679206],[-5934773.997779009863734,-2704201.150973835494369],[-5934697.64374026376754,-2704350.433041566517204],[-5934640.22514692414552,-2704481.871417484246194],[-5934597.456198550760746,-2704571.400765714701265],[-5934585.333506014198065,-2704618.206471906974912],[-5934575.737765908241272,-2704655.099620894994587],[-5934557.681744500994682,-2704726.128587923012674],[-5934540.126660792157054,-2704829.508067631162703],[-5934540.460619264282286,-2704898.302563191857189],[-5934546.839226097799838,-2704959.577656285371631],[-5934548.39769895747304,-2704984.007581691257656],[-5934550.267866414040327,-2704991.029218099080026],[-5934554.498007064685225,-2705006.931170805823058],[-5934567.500123588368297,-2705022.808843024540693],[-5934723.057980024255812,-2705212.576799176167697],[-5934819.071040821261704,-2705319.57966251578182],[-5934899.09862276352942,-2705408.761412880849093],[-5934999.063525496050715,-2705532.16616232926026],[-5935102.601783883757889,-2705651.113306884188205],[-5935171.363833335228264,-2705730.614375567529351],[-5935223.283243840560317,-2705792.002009564079344],[-5935353.560443927533925,-2705948.636916085146368],[-5935505.934562925249338,-2706129.862983444239944],[-5935565.112004230730236,-2706200.728440161794424],[-5935657.217750913463533,-2706311.103262439835817],[-5935705.441354325041175,-2706355.508538835681975],[-5935723.61982717178762,-2706374.959425310604274],[-5935865.652365474961698,-2706511.15274389507249],[-5936035.659491813741624,-2706671.791891443543136],[-5936105.13398601859808,-2706747.203673352021724],[-5936194.946551190689206,-2706883.072136820759624],[-5936257.10735484957695,-2707004.131270678713918],[-5936341.910542923957109,-2707156.841561438981444],[-5936431.83442759886384,-2707304.851294412277639],[-5936515.747059747576714,-2707443.786325710825622],[-5936604.023415957577527,-2707581.070150760468096],[-5936640.157722668722272,-2707639.731128473766148],[-5936724.070354828611016,-2707772.642540455795825],[-5936795.036530198529363,-2707870.829295929521322],[-5936944.516342447139323,-2708091.42060865694657],[-5936970.988117356784642,-2708123.655992940533906],[-5937001.801352398470044,-2708156.462519661523402],[-5937253.87320736143738,-2708383.777156009338796],[-5937318.761338533833623,-2708442.489695804659277],[-5937471.135457542724907,-2708580.025154431350529],[-5937600.755872622132301,-2708694.487057412974536],[-5937810.348209887742996,-2708874.78445111727342],[-5938138.56259654276073,-2709148.57598971016705],[-5938155.026749230921268,-2709160.921751508489251],[-5938218.156032459810376,-2709219.053892539814115],[-5938233.607177781872451,-2709240.318838329054415],[-5938246.653822102583945,-2709276.748794377315789],[-5938248.056447675451636,-2709307.030195588245988],[-5938238.015429616905749,-2709344.942785589490086],[-5938193.877251506783068,-2709440.745386813767254],[-5938020.018470786511898,-2709818.104370588436723],[-5938000.181337538175285,-2709861.0976637667045],[-5937890.242208430543542,-2710099.349206822924316],[-5937829.862516612745821,-2710241.905685127712786],[-5937630.077426486648619,-2710640.5991071742028],[-5937544.851224346086383,-2710823.652901225723326],[-5937456.675055689178407,-2711010.512615724932402],[-5937393.345397365279496,-2711132.2351094475016],[-5937387.378672658465803,-2711143.707405303604901],[-5937386.009442932903767,-2711146.332423330750316],[-5937383.037212518043816,-2711149.358486289624125],[-5937364.702892394736409,-2711167.964532735291868],[-5937222.336395620368421,-2711231.366227432154119],[-5936832.451011065393686,-2711399.199037820566446],[-5936616.268559944815934,-2711495.50014123506844],[-5936393.09524480253458,-2711590.817418680060655],[-5936257.385653575882316,-2711650.635591430589557],[-5936080.510114654898643,-2711729.753431027755141],[-5935841.406980368308723,-2711833.871163543313742],[-5935525.448869650252163,-2711968.908029345329851],[-5935359.415849142707884,-2712041.099930333904922],[-5935320.966097012162209,-2712057.969061537180096],[-5935139.782493797130883,-2712131.194424352608621],[-5935091.49209869094193,-2712151.734047288540751],[-5934924.357015213929117,-2712223.586475551128387],[-5934894.20056516956538,-2712235.630782783497125],[-5934873.461744034662843,-2712243.919604958966374],[-5934854.748937631957233,-2712252.609503829851747],[-5934750.253331623971462,-2712301.175795364193618],[-5934585.077471185475588,-2712372.919515097048134],[-5934559.986057960428298,-2712383.541939887683839],[-5934459.019279800355434,-2712422.95678865397349],[-5934387.541034760884941,-2712450.849872066639364],[-5934228.821704788133502,-2712522.047341383527964],[-5934177.147197161801159,-2712545.212718546390533],[-5933994.115690411068499,-2712626.498422475997359],[-5933806.375369176268578,-2712703.883090643212199],[-5933670.565590420737863,-2712759.864758217707276],[-5933501.326568567194045,-2712835.196023828350008],[-5933492.766099725849926,-2712839.000274367630482],[-5933482.780741401016712,-2712843.181304766330868],[-5933330.228511206805706,-2712906.9300004420802],[-5933171.509181234054267,-2712974.78709140047431],[-5933150.013387572951615,-2712984.048640516586602],[-5932991.794995296746492,-2713052.307153383269906],[-5932929.712115281261504,-2713077.247836988884956],[-5932890.995196395553648,-2713097.193119470030069],[-5932846.678907109424472,-2713132.56232911394909],[-5932828.444774518720806,-2713140.183127893600613],[-5932815.8100123135373,-2713145.458132687956095],[-5932797.742858957499266,-2713174.762396351899952],[-5932786.78902106359601,-2713192.520004238467664],[-5932748.394928689114749,-2713258.032500699162483],[-5932716.891512794420123,-2713305.410723056644201],[-5932670.760715808719397,-2713334.994836075231433],[-5932613.475705836899579,-2713339.528478628955781],[-5932541.440863355062902,-2713319.060247401706874],[-5932516.627748858183622,-2713310.163138484582305],[-5932483.755103225819767,-2713298.361106870695949],[-5932430.722497812472284,-2713303.33230139920488],[-5932336.85790316388011,-2713339.406933235004544],[-5932240.811446507461369,-2713381.340149350464344],[-5932164.60212310962379,-2713414.619400794617832],[-5931998.057032934390008,-2713484.788043641950935],[-5931831.600998362526298,-2713562.091809428762645],[-5931733.907013231888413,-2713598.227802560664713],[-5931532.830617011524737,-2713679.373036582022905],[-5931360.430121620185673,-2713745.786999717354774],[-5931339.936203375458717,-2713753.809202935546637],[-5931188.063022075220942,-2713813.854307185392827],[-5931017.532694141380489,-2713878.591449167579412],[-5930819.985125767067075,-2713937.737555324565619],[-5930778.874837817624211,-2713949.649457025807351],[-5930685.667028176598251,-2713976.645748932845891],[-5930601.442701453343034,-2714012.563894202932715],[-5930522.929064597003162,-2714038.16245947079733],[-5930509.403746465221047,-2714042.57475196942687],[-5930499.218013046309352,-2714043.036644916981459],[-5930376.510538356378675,-2714048.542896097525954],[-5930282.412172778509557,-2714070.361283227335662],[-5930163.300317639485002,-2714093.662624462973326],[-5930030.418241480365396,-2714101.28388433996588],[-5929851.672535113990307,-2714131.574478102847934],[-5929770.92137648165226,-2714143.839024655055255],[-5929638.106092027388513,-2714154.742202360183001],[-5929557.299273649230599,-2714163.71271537290886],[-5929476.781885958276689,-2714191.88842469220981],[-5929384.820854624733329,-2714226.275499179959297],[-5929298.75975629221648,-2714249.103014984633774],[-5929267.757278106175363,-2714258.875827308744192],[-5929241.474746329709888,-2714261.112392155453563],[-5929188.820627185516059,-2714265.621988564729691],[-5929135.175764571875334,-2714284.584186939522624],[-5929066.346923413686454,-2714316.406696384772658],[-5928983.98163216561079,-2714354.477100837044418],[-5928756.155162318609655,-2714450.832584007177502],[-5928553.130675010383129,-2714531.982174124568701],[-5928370.511050364002585,-2714617.739119422156364],[-5928333.107701445929706,-2714635.352474231272936],[-5928133.879208773374557,-2714714.789068715646863],[-5928110.2794767357409,-2714725.194258792791516],[-5927967.356382506899536,-2714788.209013622254133],[-5927852.085049790330231,-2714837.232818154152483],[-5927825.991761147975922,-2714853.144618640188128],[-5927812.07682478800416,-2714861.629297993145883],[-5927806.432926616631448,-2714861.945346308406442],[-5927789.334252819418907,-2714862.917802703566849],[-5927707.659142435528338,-2714897.68315795250237],[-5927678.716074828989804,-2714919.429777259472758],[-5927668.864299883134663,-2714926.832629878539592],[-5927582.113020719029009,-2714996.801305453293025],[-5927522.824259910732508,-2715029.561241288669407],[-5927483.739986692555249,-2715040.610897216014564],[-5927394.183456361293793,-2715050.809651383198798],[-5927280.559652108699083,-2715075.656226508785039],[-5927157.963496886193752,-2715123.137118605896831],[-5927026.239143441431224,-2715185.582122972235084],[-5926927.754789925180376,-2715222.256673524621874],[-5926720.912044082768261,-2715314.970606884919107],[-5926607.588802467100322,-2715359.01204221509397],[-5926514.937590268440545,-2715411.514260707423091],[-5926418.757550234906375,-2715476.136354463174939],[-5926357.810129025019705,-2715521.539732318837196],[-5926289.025815663859248,-2715545.669826666358858],[-5926276.725011931732297,-2715546.180388253647834],[-5926223.625614822842181,-2715548.344197051599622],[-5926195.884797705337405,-2715544.818890714086592],[-5926087.737912399694324,-2715510.064274613745511],[-5925933.39343842677772,-2715400.525127201806754],[-5925853.254536992870271,-2715345.907787868287414],[-5925801.390786233358085,-2715339.914843978360295],[-5925716.108924346975982,-2715368.408698812592775],[-5925644.06294990517199,-2715414.310169777832925],[-5925595.149165651760995,-2715483.843371164053679],[-5925578.840860238298774,-2715514.695787789300084],[-5925549.374591025523841,-2715570.480707501526922],[-5925481.469701642170548,-2715729.82559359818697],[-5925448.374417028389871,-2715795.932066278532147],[-5925408.121289169415832,-2715857.261322153732181],[-5925354.621141894720495,-2715895.092291505541652],[-5925333.704209574498236,-2715903.942222799640149],[-5924996.072193998843431,-2716046.720985852181911],[-5924932.0412228833884,-2716074.462398136500269],[-5924157.892088069580495,-2716409.964702059049159],[-5923923.865122575312853,-2716506.91619589459151],[-5923805.120621745474637,-2716561.99949655123055],[-5923752.967440309934318,-2716562.814015992451459],[-5923745.598090019077063,-2716555.252359390258789],[-5923725.593977523036301,-2716549.526412817183882],[-5923704.120447750203311,-2716531.679951399564743],[-5923664.056563001126051,-2716498.357695350889117],[-5923637.440072753466666,-2716459.808029302861542],[-5923597.097889301367104,-2716436.296547630801797],[-5923520.276308693923056,-2716375.487799474503845],[-5923465.629570662975311,-2716325.851403076667339],[-5923400.741439490579069,-2716260.459973094519228],[-5923310.205297628417611,-2716215.224676009267569],[-5923266.033723681233823,-2716196.709970515221357],[-5923205.720823569223285,-2716171.314588877838105],[-5923119.893496168777347,-2716160.580220053903759],[-5923079.974326769821346,-2716173.271818857174367],[-5923026.719082363881171,-2716208.234551560133696],[-5923002.91897524241358,-2716223.855964331887662],[-5922887.95933710038662,-2716300.7840485740453],[-5922807.297234060242772,-2716354.772517445497215],[-5922692.760609994642437,-2716435.56713302526623],[-5922652.184655600227416,-2716496.02355964249],[-5922622.239712577313185,-2716540.384353791829199],[-5922562.416618224233389,-2716629.11847113026306],[-5922447.312264744192362,-2716802.12650479702279],[-5922397.385473123751581,-2716880.710778210777789],[-5922250.432613327167928,-2717111.955527219455689],[-5922164.560758129693568,-2717241.712284623645246],[-5922144.512117827311158,-2717258.53831121372059],[-5922119.242593416944146,-2717279.728917777072638],[-5922070.707295441068709,-2717313.417542180977762],[-5921977.421562156639993,-2717351.08177642384544],[-5921679.909091051667929,-2717475.880144392605871],[-5921577.072145467624068,-2717513.702814897987992],[-5921533.52396067045629,-2717564.862648962531239],[-5921530.273431527428329,-2717575.318338775075972],[-5921516.391891037113965,-2717620.010411515831947],[-5921500.996405459940434,-2717657.565953017678112],[-5921471.062594374641776,-2717684.921129856724292],[-5921443.878374722786248,-2717709.492197785526514],[-5921437.466372053138912,-2717714.489089602138847],[-5921304.205809624865651,-2717818.123278329148889],[-5921220.159594085998833,-2717881.186788580846041],[-5921055.506935253739357,-2718004.724883165210485],[-5921001.717357303015888,-2718013.247721953783184],[-5920927.155562357977033,-2718012.202123796567321],[-5920872.04128247871995,-2718011.691482849419117],[-5920794.017451369203627,-2718010.961995828896761],[-5920627.194062466733158,-2718022.864796597510576],[-5920413.716674984432757,-2718031.655124033801258],[-5920359.971624827943742,-2718041.807168006431311],[-5920179.355751005932689,-2718112.652810241095722],[-5920140.171290257945657,-2718116.920337151736021],[-5920065.765342611819506,-2718108.081329685170203],[-5919996.65820271614939,-2718104.616245576646179],[-5919894.077291949652135,-2718118.367162773851305],[-5919860.024659715592861,-2718120.482689553871751],[-5919778.527660506777465,-2718125.552660050336272],[-5919778.0823825430125,-2718125.710716712288558],[-5919703.865678030997515,-2718152.069726384710521],[-5919637.920011696405709,-2718177.638493962120265],[-5919579.109924699179828,-2718213.626938523724675],[-5919496.38841110188514,-2718263.597515520174056],[-5919505.728116379119456,-2718294.394545641727746],[-5919625.118270254693925,-2718623.195780194364488],[-5919659.716367993503809,-2718853.809358802624047],[-5919920.70491414796561,-2718972.236151419579983],[-5920102.979448371566832,-2719207.001036086119711],[-5920317.948517054319382,-2719416.709277051966637],[-5920364.480064194649458,-2719582.962815309874713],[-5920518.724350637756288,-2719797.150719538796693],[-5920551.396621196530759,-2719898.561159614473581],[-5920584.057759795337915,-2719999.960088775493205],[-5920578.525181102566421,-2720058.302157784812152],[-5920577.924055852927268,-2720064.613036405760795],[-5920571.089039118029177,-2720136.695851231925189],[-5920563.831008317880332,-2720213.265961451455951],[-5920527.819153035990894,-2720339.302846435457468],[-5920455.795442502945662,-2720420.32448174757883],[-5920365.771370287053287,-2720465.340733640827239],[-5920302.742274612188339,-2720501.346531205344945],[-5920302.742274612188339,-2720609.388734914828092],[-5920257.735804473981261,-2720744.427325022406876],[-5920203.712455602362752,-2720879.467065767850727],[-5920068.670781320892274,-2720960.491462571546435],[-5919951.640600649639964,-2721032.517549871932715],[-5919929.120667651295662,-2721048.593651863746345],[-5919825.60467317327857,-2721122.541498978156596],[-5919744.575215825811028,-2721230.575777258723974],[-5919708.563360542058945,-2721401.627504041418433],[-5919681.557252086699009,-2721482.654570851475],[-5919662.966897124424577,-2721514.515845230780542],[-5919644.376542151905596,-2721546.37718370789662],[-5919631.46348122972995,-2721568.534228596370667],[-5919618.539288338273764,-2721590.679143632762134],[-5919573.521686271764338,-2721635.698720341082662],[-5919510.937868548557162,-2721734.786018897313625],[-5919465.48612045776099,-2721806.754820876289159],[-5919429.485397134907544,-2721878.77259411290288],[-5919348.455939775332808,-2721896.783169127069414],[-5919339.450192971155047,-2721977.800607187207788],[-5919330.444446165114641,-2722040.81986156059429],[-5919348.455939775332808,-2722139.848887622822076],[-5919348.455939775332808,-2722202.86878667306155],[-5919294.443722853437066,-2722337.908797021955252],[-5919213.414265505038202,-2722382.930497303139418],[-5919141.390554961748421,-2722463.950421812478453],[-5919122.789068050682545,-2722519.759794298093766],[-5919096.372952884994447,-2722598.992658039554954],[-5919078.372591213323176,-2722680.013687774538994],[-5919006.348880681209266,-2722788.046426093671471],[-5918880.312953193672001,-2722923.09142574807629],[-5918790.288880999200046,-2723004.114113531541079],[-5918673.247568380087614,-2723103.149162655230612],[-5918673.247568380087614,-2723175.1728306398727],[-5918682.253315184265375,-2723229.184715565759689],[-5918678.034306484274566,-2723342.998247963376343],[-5918673.247568380087614,-2723472.258721],[-5918610.229604630731046,-2723580.29686420597136],[-5918601.223857825621963,-2723688.32358214398846],[-5918601.223857825621963,-2723769.350185552146286],[-5918601.223857825621963,-2723814.777320377994329],[-5918601.223857825621963,-2723922.39210800267756],[-5918628.22996630333364,-2724030.433322875760496],[-5918637.235713107511401,-2724147.463600860908628],[-5918655.247206718660891,-2724219.492019543424249],[-5918583.22349617537111,-2724417.553616336081177],[-5918484.193677165545523,-2724579.602539807092398],[-5918457.187568687833846,-2724615.605528187472373],[-5918457.187568687833846,-2724723.639311279635876],[-5918457.187568687833846,-2724840.674714535474777],[-5918475.18793036043644,-2724903.693200633395463],[-5918502.194038827903569,-2724975.725060714408755],[-5918502.194038827903569,-2724993.726995206903666],[-5918502.194038827903569,-2725101.763359385542572],[-5918484.193677165545523,-2725191.786117165349424],[-5918475.18793036043644,-2725236.803769924212247],[-5918457.187568687833846,-2725317.826136632822454],[-5918457.187568687833846,-2725443.867160000372678],[-5918529.200147283263505,-2725533.891863961704075],[-5918533.764246405102313,-2725554.424525934737176]]]]}}
]
}
