{
"type": "FeatureCollection",
"name": "umuarama",
"crs": { "type": "name", "properties": { "name": "urn:ogc:def:crs:EPSG::31982" } },
"features": [
{"type":"Feature","properties":{"CD_MUN":"4128104","NM_MUN":"Umuarama","CD_RGI":"410016","NM_RGI":"Umuarama","CD_RGINT":"4104","NM_RGINT":"Maringá","CD_UF":"41","NM_UF":"Paraná","SIGLA_UF":"PR","CD_REGIAO":"4","NM_REGIAO":"Sul","SIGLA_RG":"S","CD_CONCURB":"4128104","NM_CONCURB":"Umuarama/PR","AREA_KM2":1233.997},"geometry":{"type":"MultiPolygon","coordinates":[[[[279158.895127579628024,7369418.689136935397983],[279147.421072680037469,7369363.418124821037054],[278920.595862518996,7369097.560197344049811],[278848.274033613270149,7368973.466982798650861],[278770.09776624944061,7368693.490042043849826],[278732.384426638600416,7368463.333141643553972],[278660.830440190504305,7368290.048010528087616],[278636.467697868589312,7368265.079810462892056],[278612.115233536344022,7368240.111718017607927],[278529.933998193824664,7368222.457173563539982],[278472.230539765732829,7368221.573937796987593],[278422.637634770595469,7368229.013191120699048],[278356.311217167589348,7368252.593057757243514],[278310.658004540135153,7368272.390086267143488],[278265.004656537086703,7368292.186980294063687],[278165.712697806418873,7368315.260884212329984],[278083.269750936073251,7368313.99688058719039],[278049.917299767374061,7368338.092115292325616],[277941.87510728253983,7368393.824558375403285],[277892.291371591156349,7368401.262218816205859],[277825.963103452580981,7368424.839782726950943],[277717.908917782828212,7368480.581589108332992],[277618.352390433079563,7368520.045020079240203],[277543.408612113911659,7368568.095797020941973],[277452.22348650067579,7368599.488274807110429],[277361.416174945537932,7368606.290281631052494],[277303.332461192505434,7368629.992439708672464],[277261.857447903777938,7368645.762478796765208],[277209.361599534575362,7368667.42307938914746],[277183.802733529591933,7368563.948967300355434],[277072.077238032594323,7368553.287599062547088],[277010.98652075661812,7368424.049449304118752],[276958.552919327514246,7368396.04202779661864],[276891.958335280418396,7368280.689237212762237],[276787.230528284562752,7368203.846402768045664],[276743.253725234884769,7368088.387316888198256],[276520.115886731888168,7367896.097310105338693],[276387.210109419887885,7367623.499770430848002],[276418.663987779989839,7367588.443673022091389],[276408.138844780973159,7367532.60778359696269],[276261.333119806833565,7367459.076276009902358],[276245.737951239687391,7367112.829638181254268],[276193.264265361358412,7366973.172366629354656],[276142.339477746339981,7366637.369029671885073],[275957.282940962235443,7366574.442349890246987],[275852.658690689946525,7366483.499680804088712],[275825.591928547888529,7366443.405100867152214],[275825.471531928458717,7366387.386255783960223],[275868.26647993637016,7366317.762544376775622],[275840.382029088621493,7366235.742258575744927],[275648.53972395369783,7366186.776524325832725],[275623.651482134824619,7366095.717110237106681],[275586.950529801601078,7366038.02246939111501],[275614.964300673804246,7365971.682161881588399],[275602.736371175851673,7365949.023490002378821],[275477.712434667744674,7365857.949083260260522],[275437.635156146425288,7365851.000287465751171],[275392.054441526532173,7365868.240721226669848],[275315.273573534504976,7365822.896373373456299],[275182.710795629885979,7365634.02627183124423],[275173.806368783349171,7365600.92666588537395],[275201.604879364836961,7365559.002593573182821],[275160.643961968482472,7365452.291636066511273],[275029.446211681002751,7365340.475699426606297],[275000.114854475366883,7365260.834764425642788],[275031.257526728033554,7365140.942062210291624],[275040.054805331281386,7364999.484476253390312],[274996.00956840213621,7364915.614714762195945],[274989.888413098931778,7364840.655964540317655],[274939.384260265505873,7364750.059882113710046],[274908.038496398832649,7364576.732995387166739],[274914.925282121577766,7364440.231267280876637],[274823.278439256711863,7364265.620937924832106],[274877.37677677324973,7364129.323136288672686],[274802.502062264480628,7363861.740458536893129],[274914.80384849733673,7363627.721014082431793],[274808.298081353481393,7363512.230791436508298],[274614.114750322187319,7363464.906048713251948],[274518.047708823694848,7363414.158328201621771],[274468.396575851133093,7363363.48117661755532],[274386.602586987777613,7363347.146569234319031],[274329.776047068764456,7363285.421337889507413],[274288.093708162312396,7363165.798597666434944],[274160.574251927668229,7363069.562752977944911],[274012.906562029966153,7362993.507331382483244],[273949.730417420039885,7362920.246872343122959],[273906.420707589713857,7362796.785746727138758],[273866.008867168740835,7362763.612346687354147],[273841.454419529822189,7362709.071111971512437],[273776.579927574610338,7362663.6812703916803],[273630.577860234770924,7362395.993811812251806],[273618.651375211542472,7362269.400456154718995],[273644.849202842917293,7362222.933825503103435],[273646.508305127150379,7362130.13556453678757],[273733.884579381614458,7362081.160216169431806],[273781.167286928859539,7362021.73958265222609],[273791.702609122905415,7361958.840083892457187],[273814.411892996868119,7361930.71055712737143],[273911.590944556286559,7361862.842241895385087],[273944.669140466838144,7361770.0044453907758],[273950.011557517107576,7361687.88923554122448],[273892.091012235963717,7361541.108915758319199],[273900.884448297787458,7361465.761944090947509],[273885.12523688597139,7361383.404677936807275],[273910.499302651907783,7361238.483303878456354],[273812.603738382342272,7361170.283424465917051],[273627.131396743992809,7360942.770013963803649],[273637.754379130259622,7360871.063688354566693],[273602.984269038657658,7360717.77538188546896],[273589.71567281766329,7360659.366239571943879],[273607.042142033227719,7360573.50574868824333],[273570.340507467160933,7360501.798904029652476],[273584.293910780048463,7360400.363016948103905],[273530.054344893898815,7360344.29091880377382],[273610.508081041276455,7360258.557328380644321],[273641.312471419456415,7360164.476837271824479],[273735.707044406444766,7360171.475743010640144],[273765.438536003755871,7360119.092736835591495],[273884.89198717509862,7360076.603695755824447],[273897.529682945169043,7360004.341659342870116],[274053.979574828350451,7359910.623501250520349],[274187.814140419708565,7359893.142411353066564],[274189.602543952525593,7359851.167958062142134],[274222.892195840016939,7359833.662857457995415],[274234.922027910302859,7359804.014072647318244],[274217.575235907512251,7359683.197290410287678],[274158.089647798333317,7359629.017479723319411],[274161.635764523933176,7359593.884451389312744],[274214.037505778018385,7359557.079097270965576],[274217.447092312970199,7359509.834010399878025],[274262.144036780984607,7359501.071997097693384],[274269.161357182427309,7359420.589441235177219],[274337.216759066097438,7359423.937222376465797],[274413.696803064318374,7359346.026423680596054],[274508.892780959198717,7359268.208621047437191],[274654.973488138813991,7359026.8214779663831],[274773.864574752165936,7358977.813695456832647],[274768.645072935381904,7358827.35020986944437],[274805.31728804850718,7358758.798289128579199],[274738.838608189020306,7358624.14071736484766],[274761.484313425433356,7358561.197493289597332],[274744.949674680246972,7358496.522865848615766],[274802.708103985758498,7358494.755381546914577],[274822.030289359739982,7358442.341077901422977],[274865.563264278927818,7358423.05599308013916],[274914.71500583156012,7358284.742974776774645],[274864.043725761235692,7358244.453004514798522],[274911.079465989489108,7358220.048444997519255],[274895.382851913454942,7358167.596679436974227],[274911.056929241342004,7358108.001202682964504],[274885.84958026651293,7357980.215378147549927],[274959.222266230150126,7357884.039328785613179],[274915.529106535133906,7357826.297392226755619],[274909.544115268799942,7357787.447810295969248],[275091.749498268996831,7357602.44073321390897],[275023.069041310809553,7357444.626739514991641],[275037.347751113586128,7357422.125701617449522],[275138.454007012885995,7357381.757423751987517],[275068.536431269836612,7357296.040650311857462],[275129.778764310758561,7357196.095984374172986],[275094.035660664492752,7357145.425365138798952],[275111.448682485963218,7357065.060726819559932],[275064.209253393230028,7357014.044277440756559],[275081.454843895335216,7356984.199544606730342],[275072.938610607932787,7356942.396558858454227],[275141.193284812441561,7356912.639254804700613],[275114.849179371143691,7356853.163125393912196],[275177.895184731576592,7356734.145532784983516],[275189.297000241815113,7356597.646927259862423],[275080.80798241100274,7356524.013562457635999],[275072.082128825015388,7356345.663447695784271],[275091.23234061099356,7356282.543521208688617],[275047.6826359143015,7356217.901161120273173],[275079.037292249267921,7356121.522903956472874],[275137.649091418017633,7356112.766073272563517],[275181.760929691081401,7356066.389273148030043],[275218.159330033464357,7355986.830702099949121],[275302.059439175529405,7355913.176645562052727],[275293.325116233550943,7355834.464530065655708],[275337.118982671992853,7355769.867716995067894],[275219.113784407265484,7355593.002557427622378],[275182.159208747791126,7355505.384782923385501],[275038.824525048257783,7355442.529132956638932],[275007.333959395298734,7355384.733599159866571],[275028.398678675875999,7355221.916916653513908],[275068.560485690366477,7355153.751943975687027],[275034.265365887025837,7355115.102298965677619],[275083.380940606701188,7355087.340263402089477],[275107.944813690322917,7354971.710505858063698],[275156.81007863720879,7354889.521767783910036],[275198.826962457969785,7354875.309544558636844],[275274.047153136809357,7354805.276495452038944],[275300.368958262028173,7354719.810287630185485],[275340.538887713279109,7354670.535459453240037],[275333.252190104336478,7354584.655194038525224],[275365.958699994487688,7354571.039515839889646],[275374.50122824520804,7354526.910257423296571],[275294.304319866467267,7354322.22692542988807],[275297.946935967658646,7354225.969578323885798],[275332.769145049969666,7354098.367787506431341],[275223.33354323473759,7354012.907974859699607],[275213.995162673469167,7353981.495614226907492],[275218.105646779644303,7353938.770715976133943],[275268.951931815594435,7353848.214563423767686],[275286.401102782576345,7353827.280985657125711],[275349.425777514581569,7353818.415844285860658],[275359.649207524314988,7353793.823879659175873],[275268.982620215334464,7353648.739240150898695],[275183.911455751978792,7353575.21539206802845],[275171.78195631300332,7353538.640571685507894],[275199.832609424367547,7353386.181484187021852],[275222.552588383376133,7353366.859388457611203],[275225.963174295902718,7353328.51102929469198],[275280.240122661809437,7353293.350871136412024],[275276.735523261711933,7353260.16829757578671],[275255.914084175950848,7353251.223000310361385],[275302.83059618237894,7353190.398341298103333],[275301.263153414358385,7353160.348313329741359],[275336.210034941905178,7353116.576272903010249],[275345.865422191563994,7353034.450540673919022],[275392.561567061347887,7352969.412011926993728],[275386.165315294172615,7352917.260456347838044],[275311.258147701970302,7352845.347149252891541],[275226.934491459047422,7352764.721663618460298],[275195.226700154598802,7352759.65002253651619],[275125.438398689148016,7352818.986423352733254],[275067.681061881827191,7352796.754737371578813],[275048.515712246531621,7352766.639777714386582],[275045.826952684146818,7352652.733087727800012],[275068.597083079512231,7352537.075334593653679],[275054.533163143089041,7352516.169722892343998],[275017.805015760590322,7352521.500335060991347],[274965.312506110931281,7352628.216933158226311],[274916.256085664965212,7352672.199288988485932],[274815.893359783920459,7352644.956154800951481],[274777.322305205161683,7352572.212769489735365],[274791.253086853539571,7352514.484826217405498],[274831.40142064995598,7352465.721021055243909],[274835.401195028680377,7352428.190669827163219],[274812.428419225674588,7352407.787835083901882],[274756.365396062552463,7352409.502050790935755],[274619.855045212083496,7352463.724156665615737],[274672.297748022596352,7352589.679191071540117],[274582.174222526606172,7352659.696379645727575],[274512.04566118324874,7352659.405362641438842],[274480.665348280686885,7352634.128047704696655],[274396.14131866680691,7352374.536124428734183],[274450.066231284989044,7351913.307270653545856],[274508.056925887416583,7351754.881432157941163],[274574.767059560050257,7351675.467972850427032],[274691.627287330687977,7351609.427135540172458],[274570.953527840669267,7351511.529654875397682],[274500.668315836694092,7351490.428072294220328],[274454.288157247239724,7351493.145866983570158],[274322.444868415594101,7351553.46507091075182],[274315.361640207120217,7351514.896429935470223],[274416.880831319664139,7351360.899473547935486],[274460.656393097247928,7351259.388292482122779],[274579.758325149014127,7351115.870811197906733],[274564.123777466244064,7351084.225848278030753],[274337.813029407232534,7351098.920877514407039],[274325.768724679597653,7350954.807225296273828],[274395.869298746809363,7350800.738075964152813],[274252.321143560111523,7350748.269856784492731],[274245.52988871501293,7350695.712082696147263],[274319.035906544886529,7350650.255147753283381],[274516.510131699498743,7350608.328955980949104],[274540.938376199104823,7350541.625298289582133],[274443.22733351145871,7350422.403270523063838],[274398.977773246821016,7350334.4339434877038],[274250.750082538113929,7350205.530763629823923],[274115.834280174167361,7349911.559826415963471],[273965.477421898161992,7349831.026598286814988],[273919.825641233823262,7349662.993569547310472],[273832.559010901895817,7349645.531437613070011],[273786.88172817643499,7349610.453686525113881],[273673.468877178092953,7349067.732832212001085],[273680.530134926666506,7348994.452167371287942],[273762.439610273868311,7348826.334753198549151],[273758.151303150341846,7348774.114968756213784],[273734.513035720854532,7348700.184119439683855],[273612.130399883317295,7348546.129540015012026],[273601.57794450444635,7348416.651603601872921],[273626.132860584068112,7348353.651888522319496],[273543.874825039529242,7348213.547088922001421],[273606.77127170318272,7348153.96674064733088],[273624.363808733643964,7348112.119189975783229],[273554.510474090813659,7347986.092903945595026],[273603.080852508137468,7347951.005410774610937],[273718.655848280410282,7347940.46376287471503],[273725.805005026282743,7347905.49811565130949],[273650.639716893900186,7347859.982423438690603],[273461.630801381135825,7347842.462478626519442],[273216.813396002457011,7347889.572529598139226],[272791.620603761461098,7348007.071638168767095],[272697.135218235722277,7348069.981893954798579],[272515.145359846006613,7348070.011567913927138],[272392.811036311089993,7348031.496937074698508],[272376.857451359392144,7347930.018587112426758],[272338.59030445094686,7347894.9974624812603],[272313.881647973204963,7347923.080507649108768],[272303.415975433541462,7348052.603793703019619],[272243.851915294420905,7348238.010046714916825],[272304.630806267319713,7348418.778013969771564],[272334.239463007543236,7348386.096976740285754],[272415.50864907115465,7348379.918334228917956],[272473.729672014131211,7348403.666005646809936],[272498.211965369875543,7348466.311603514477611],[272617.039582939702086,7348613.29597189463675],[272623.92279579222668,7348651.851917419582605],[272557.571384449547622,7348798.605025419965386],[272562.857938979985192,7348837.035977361723781],[272622.207566062919796,7348934.935597486793995],[272632.660134013276547,7349050.297745687887073],[272796.973231792333536,7349245.964646839536726],[272763.763015551841818,7349627.103904126212001],[272816.111313358880579,7349766.872597899287939],[272802.066263057524338,7349801.795374341309071],[272721.863622257602401,7349875.214795313775539],[272735.716108499269467,7349976.647733709774911],[272721.829334729816765,7350046.585031222552061],[272653.693049361696467,7350182.984249871224165],[272632.778468901873566,7350399.628273869864643],[272587.35130443261005,7350494.095350342802703],[272610.019466176512651,7350759.78144264779985],[272543.517842375556938,7350777.276075539179146],[272512.242093681066763,7350836.534002803266048],[272442.314393190608826,7350864.555140955373645],[272396.716593945689965,7350948.426850629970431],[272407.306181985710282,7351028.878693768754601],[272330.465397690190002,7351095.269951209425926],[272319.982742692925967,7351126.969275362789631],[272325.283579832932446,7351221.109540984965861],[272178.484892123145983,7351312.029969399794936],[272052.778893954993691,7351549.758629680611193],[271961.916521502193063,7351588.137723334133625],[271916.509144471026957,7351630.196167080663145],[271862.339005672372878,7351895.750187736935914],[271823.876542309997603,7351930.738975105807185],[271760.672842767147813,7352042.849130257964134],[271673.456033711787313,7352088.708126731216908],[271663.149521424958948,7352140.608445949852467],[271623.213405861286446,7352179.174326306208968],[271623.164507661480457,7352294.425814853049815],[271570.519747420446947,7352346.927517701871693],[271532.279820429161191,7352423.546120617538691],[271326.008354946505278,7352591.637956356629729],[271319.387215881259181,7352649.313970003277063],[271348.695273842080496,7352696.359770210459828],[271334.746468073455617,7352731.272055952809751],[271306.812797625316307,7352741.885396022349596],[271278.991047099756543,7352794.116330182179809],[271149.601132467854768,7352804.776912832632661],[271139.052420404856093,7352839.765343095175922],[271104.187873293005396,7352846.822159129194915],[271068.024514748132788,7352905.379515808075666],[271023.742758803768083,7352903.843352952972054],[271009.82063918793574,7352937.658930362202227],[270854.378489991126116,7352969.175390163436532],[270700.567369036725722,7353126.373113025911152],[270536.506261417758651,7353196.118595856241882],[270505.004594719852321,7353266.172576013952494],[270466.417248344863765,7353283.661215743981302],[270485.939189528173301,7353325.389439842663705],[270447.130785745801404,7353423.713389735668898],[270384.410687824070919,7353423.476577328518033],[270297.057192955748178,7353503.851183939725161],[270272.641002645366825,7353598.271877018734813],[270286.595418834069278,7353657.594950517639518],[270240.959709816495888,7353710.049491134472191],[270258.71644032507902,7353730.930678993463516],[270242.878163525543641,7353808.026449834927917],[270134.815181658661459,7353874.263950327411294],[270061.200822541490197,7354080.680492096580565],[270019.040195764624514,7354115.705961024388671],[269869.206474342267029,7354147.136665185913444],[269858.602971336396877,7354161.116087358444929],[269875.9489020712208,7354206.411307628266513],[269800.914493015268818,7354220.523232187144458],[269786.858917420613579,7354241.427724855020642],[269800.926235585589893,7354276.443804969079792],[269744.923968864080962,7354374.291878813877702],[269647.287166893365793,7354416.239763792604208],[269573.801039461046457,7354409.279215433634818],[269559.91036545438692,7354465.010427622124553],[269493.340419393847696,7354514.014272375032306],[269486.493410727474838,7354549.083396708592772],[269414.90029290819075,7354556.168565367348492],[269372.799987055594102,7354626.0065913265571],[269348.465986883733422,7354730.732034657150507],[269208.68576425552601,7354783.281063675880432],[269173.80038849520497,7354814.753653650172055],[269166.803242525318637,7354842.618317200802267],[269208.750262157001998,7354954.556141442619264],[269168.057395522599109,7355005.115023780614138],[269123.028857036842965,7355118.904095219448209],[269123.064075831556693,7355164.332512548193336],[269091.620737504446879,7355174.863681253045797],[269144.0261904920917,7355388.062954141758382],[269077.775645799469203,7355534.917650835588574],[269082.982927159755491,7355657.37935730908066],[269051.548121331608854,7355747.952317787334323],[269023.591014509845991,7355769.065356874838471],[269016.523577768937685,7355842.545064562931657],[268960.654513697663788,7355877.481108384206891],[268953.510550757404417,7355912.545343013480306],[268778.986920121125877,7356069.804612301290035],[268749.289097339380533,7356111.697454465553164],[268745.803612991585396,7356181.545050927437842],[268675.842487092711963,7356244.396972434595227],[268644.463501258287579,7356317.962477117776871],[268651.386120381008368,7356388.032718422822654],[268564.242230887524784,7356576.665145365521312],[268571.175809946493246,7356702.467922808602452],[268530.430581068794709,7356996.119606106542051],[268527.357642852352001,7357202.545666826888919],[268186.797603177838027,7357541.667892815545201],[268124.01544285658747,7357695.400826242752373],[268127.205779169104062,7357761.799228612333536],[268092.500090665998869,7357789.771635083481669],[268085.509257300756872,7357845.546647167764604],[267950.87815202656202,7357999.463058577850461],[267920.927533873531502,7358057.948509620502591],[267912.511201609275304,7358195.227270284667611],[267846.162093023303896,7358286.0672218054533],[267783.265244082547724,7358317.540424822829664],[267722.101143112871796,7358408.385916559025645],[267676.619255941011943,7358425.835094447247684],[267571.834684930625372,7358422.405918857082725],[267474.077730896533467,7358460.850048452615738],[267380.752910866052844,7358530.211958786472678],[267295.774088854086585,7358541.41594604216516],[267267.822160315001383,7358576.232408239506185],[267070.454383870353922,7358688.099349660798907],[266752.554477874655277,7358978.386666380800307],[266576.119317368487827,7359065.589714743196964],[266506.352710445411503,7359222.584007669240236],[266464.311025570204947,7359261.403595294803381],[266457.363568767381366,7359348.702011966146529],[266415.477708627586253,7359394.227490717545152],[266401.477669135318138,7359488.480748984962702],[266366.540602793626022,7359540.955144412815571],[266333.376870880019851,7359722.940394903533161],[266305.350772983045317,7359775.260774021968246],[266315.776033359754365,7359831.207005569711328],[266291.218423687387258,7359866.309691086411476],[266190.120769936940633,7359901.279551299288869],[266151.623710387328174,7359943.180819926783442],[266148.174660844146274,7359978.027270031161606],[266050.255421708920039,7360061.988722550682724],[266002.7673738321173,7360131.012012735009193],[265894.755429535987787,7360166.743193995207548],[265797.082762888050638,7360243.505094233900309],[265748.355405730078928,7360257.583300163969398],[265692.148038015700877,7360233.379792147316039],[265608.181875759270042,7360229.799397395923734],[265576.930124047852587,7360278.465215350501239],[265528.025240011746064,7360282.124471930786967],[265430.009727242984809,7360327.776541205123067],[265419.517784034484066,7360374.475024686194956],[265354.648609750554897,7360432.920390368439257],[265288.616867512464523,7360565.28462699893862],[265255.540969902474899,7360719.048967172391713],[265155.848401361727156,7360928.836252940818667],[265119.006487554754131,7360939.460707315243781],[265017.85906088136835,7361100.083001824095845],[264949.123272436379921,7361175.372386207804084],[264830.506043676519766,7361272.695971710607409],[264710.210263950226363,7361330.977937890216708],[264593.441436479566619,7361449.75913149304688],[264478.064193425350823,7361663.010108328424394],[264443.117425283009652,7361967.012953992933035],[264371.519545016344637,7362092.956631403416395],[264200.163085523527116,7362204.783359388820827],[264149.80542253528256,7362258.23166817612946],[264139.736183745204471,7362263.16405669786036],[264139.551481588277966,7362265.111161345615983],[264113.461114130390342,7362316.108245858922601],[264111.82150594110135,7362337.854131046682596],[264110.181715621787589,7362359.61109321564436],[264121.089687317144126,7362428.110104100778699],[264108.02493910479825,7362486.610826007090509],[264099.057367512548808,7362492.104135297238827],[264125.804519214783795,7362573.105596893467009],[264133.337941913050599,7362611.100930916145444],[264135.556054720771499,7362675.601987570524216],[264140.097105328226462,7362690.87825726531446],[264182.708129168488085,7362834.099326895549893],[263380.462097220937721,7362634.526219690218568],[261873.980785369785735,7362259.638262201100588],[260036.402057665225584,7361802.096538783982396],[259623.330372533091577,7361699.220275159925222],[259029.153161598951556,7361551.20218747202307],[258969.534477932931622,7361525.762614268809557],[258384.737636001780629,7361668.564390756189823],[256878.909427964885253,7362528.532268107868731],[256379.33614809406572,7362528.465717527084053],[256322.79990317375632,7362557.086362649686635],[255729.597302229405614,7363080.606834288686514],[254782.588522342615761,7363003.932541212067008],[254115.277410048845923,7363241.741687567904592],[253619.019473876454867,7363254.359957233071327],[253308.213324184413068,7363066.881165452301502],[253175.526526830217335,7363038.961102520115674],[253350.099658573803026,7362122.967352632433176],[253053.058991698082536,7361899.369047658517957],[252857.51912938489113,7361801.378167732618749],[252621.819072287093149,7361615.487326242960989],[252505.677179069112753,7361557.392077676951885],[252176.125219196517719,7361451.86174436006695],[252099.316220875422005,7361402.915458326227963],[251987.521404604049167,7361304.997944828122854],[251912.312458492087899,7361189.745818340219557],[251779.55801054550102,7361070.86594829428941],[251741.127974770788569,7360990.508498559705913],[251674.709748917957768,7360937.970685044303536],[251601.356411872431636,7360843.669766362756491],[251459.818266002024757,7360798.946018355898559],[251372.518299024377484,7360725.657294269651175],[251180.312116194196278,7360645.05148063134402],[251096.584092948876787,7360540.318312806077302],[251068.49533818702912,7360449.27723528072238],[250979.419796663947636,7360299.006416018120944],[250899.024699278059416,7360022.757167875766754],[250856.274697542045033,7360004.731848097406328],[250832.577819654979976,7359994.726027242839336],[250804.728990406380035,7359963.117400404065847],[250740.017455661349231,7359819.969611454755068],[250656.009244014974684,7359784.974074592813849],[250425.62572192621883,7359575.074793078005314],[250352.113167444360442,7359540.30323526635766],[250112.684379891317803,7359501.71487408131361],[249983.359764114051359,7359414.22378471121192],[249902.987485724996077,7359424.831055676564574],[249599.011771481164033,7359533.250692852772772],[249522.142233089689398,7359515.81424221303314],[249425.965369368728716,7359445.837145071476698],[249265.087528239062522,7359435.327718142420053],[249223.46474769822089,7359421.239597721025348],[249174.515683028002968,7359365.46838656347245],[249184.717461572407046,7359297.516980282031],[249198.744256853155093,7359204.189054468646646],[249202.354156594083179,7359180.04992004763335],[249151.718302048160695,7359152.163411496207118],[249137.665228291385574,7359173.184237821027637],[249032.980423134111334,7359197.581073085777462],[248987.569744364824146,7359239.542888456955552],[248963.094413873826852,7359298.95678205601871],[248963.101116652454948,7359335.448240665718913],[248963.109930665465072,7359368.892325161956251],[248995.499582042044494,7359412.784838392399251],[249022.443091161054326,7359449.290843481197953],[249013.596468894043937,7359465.692586537450552],[248997.863266858272254,7359494.795722249895334],[248971.079035703558475,7359510.020823426544666],[248893.248670086526545,7359554.22162517812103],[248825.0485670400667,7359627.711980515159667],[248704.803481332986848,7359683.296176683157682],[248619.910203842388,7359665.992109905928373],[248535.027267806814052,7359648.687703009694815],[248307.823312965512741,7359746.430088153108954],[248237.897112633247161,7359802.379110625013709],[248120.912544975493802,7359963.401289482600987],[248089.237675827782368,7360036.773070490919054],[247879.815289841411868,7360131.285203272476792],[247850.994727007957408,7360155.570840591564775],[247834.277622047375189,7360169.651370204985142],[247685.795740093541099,7360211.525008017197251],[247542.952466483809985,7360337.073265380226076],[247350.348858596524224,7360421.145900394767523],[247177.421731755835935,7360606.592181388288736],[247051.741733148519415,7360686.980362799949944],[247002.801507315860363,7360753.487395723350346],[246950.379224146949127,7360781.391313277184963],[246884.563018351618666,7360870.308288633823395],[246821.001688704651315,7360956.150668589398265],[246747.486888633691706,7360973.710340210236609],[246724.934695247298805,7360914.193871326744556],[246686.476406193512958,7360896.774316601455212],[246655.755572235299041,7360927.485169260762632],[246627.088791072863387,7360956.148689806461334],[246620.259857121884124,7360956.704744901508093],[246535.067119234357961,7360963.608266726136208],[246302.051515350845875,7360938.756879787892103],[246139.96878188487608,7360970.746786074712873],[246115.587978798168479,7360984.003687532618642],[246076.706510548014194,7361005.128249820321798],[245894.990106209239457,7361005.28684532828629],[245821.442828428203939,7361057.560424135066569],[245778.082584030693397,7361065.56215962022543],[245744.590838386066025,7361071.74295967631042],[245692.345820743212244,7361124.05887414701283],[245685.318925821688026,7361215.071188818663359],[245646.929413520469097,7361246.376427383162081],[245630.988105543743586,7361295.464551853016019],[245519.355453223979566,7361345.43643139116466],[245394.27985316014383,7361354.788450572639704],[245362.080009063822217,7361410.748329624533653],[245316.658156939956825,7361424.585775383748114],[245259.095770136162173,7361406.659003394655883],[245093.199472490668995,7361538.628024315461516],[244783.206660763506079,7361524.461144501343369],[244743.90332761532045,7361556.546005500480533],[244722.510430570080644,7361603.021487240679562],[244722.446287726488663,7361681.568186845630407],[244688.492284934560303,7361720.673695766367018],[244610.2719507132133,7361724.320934060961008],[244545.857521759608062,7361742.16412752866745],[244485.433724482281832,7361788.51365714892745],[244410.505813271884108,7361792.140574410557747],[244118.041740389686311,7361866.991683488711715],[243859.551998920418555,7362052.638267361558974],[243759.730450694682077,7362102.65225457213819],[243627.739089413924376,7362116.865005020052195],[243542.128488313610433,7362166.786460461094975],[243442.311902412067866,7362188.29588920623064],[243258.665761072799796,7362199.016270743682981],[243201.679143893503351,7362263.24193346593529],[243098.154352879733779,7362327.492651339620352],[243069.599207492661662,7362395.127283681184053],[243033.971010120294522,7362423.694076837971807],[242866.487987757252995,7362484.289234379306436],[242773.670575656200526,7362491.534668592736125],[242714.750661654863507,7362580.536815566942096],[242540.100542728352593,7362648.381410375237465],[242436.67954755408573,7362727.047497707419097],[242390.307777914800681,7362809.113486985675991],[242213.873761968978215,7362952.069789535365999],[242178.261355276627,7363026.968908073380589],[242077.201821152993944,7363130.69822807982564],[241645.269487945683068,7363436.144926341250539],[241637.031910237681586,7363434.42392720002681],[241634.20654669997748,7363438.484823282808065],[241610.591600231855409,7363471.120103599503636],[241597.561559847847093,7363492.231007693335414],[241596.562030582048465,7363511.628859775140882],[241602.52828155879979,7363525.765456438995898],[241610.623842762113782,7363534.2883006837219],[241631.537332632171456,7363554.078132038936019],[241660.144680672470713,7363576.354925412684679],[241676.718528724944917,7363591.390443868935108],[241680.710860694613075,7363607.021013690158725],[241680.796644071553601,7363617.616969576105475],[241676.95361171028344,7363627.843449713662267],[241674.513306447537616,7363634.316042566671968],[241664.931076081091305,7363640.50576008670032],[241654.227583190542646,7363638.131170956417918],[241644.886992978688795,7363630.239933173172176],[241636.339702529367059,7363623.027799565345049],[241619.847599435946904,7363619.951214272528887],[241607.659106462990167,7363627.069494925439358],[241599.620787312014727,7363638.140722334384918],[241598.626796577358618,7363654.380290065892041],[241606.997290165920276,7363668.626376317813993],[241652.77367524424335,7363704.032179933041334],[241657.446404681337299,7363711.263659888878465],[241658.294261316215852,7363724.854311781004071],[241645.356708029925358,7363742.498247286304832],[241645.566928032960277,7363764.377938367426395],[241690.534376628202153,7363788.598423261195421],[241699.656597892259015,7363797.305781412869692],[241692.654494188784156,7363815.997859492897987],[241674.452651496918406,7363828.12857992015779],[241655.742839288926916,7363861.250642934814095],[241656.723756759980461,7363888.496731093153358],[241664.651962729927618,7363912.664346430450678],[241676.187727342330618,7363929.515832059085369],[241687.77727562279324,7363938.799243241548538],[241727.540056910336716,7363953.06347886659205],[241752.039429019234376,7363962.799263119697571],[241768.160358214605367,7363976.396933618932962],[241770.070226944691967,7363992.754884550347924],[241759.271405691571999,7364023.646921260282397],[241759.791822767991107,7364041.875061931088567],[241765.207349472271744,7364053.763128718361259],[241772.766645497671561,7364078.622222973033786],[241771.690958061313722,7364093.741031344980001],[241765.199522600392811,7364117.517833814024925],[241759.794159301149193,7364126.164930200204253],[241763.042831425584154,7364132.650566505268216],[241770.610392050934024,7364134.802752386778593],[241783.587431702733738,7364132.640973120927811],[241825.753581748576835,7364108.870028642937541],[241834.404242911987239,7364103.472522594034672],[241847.376568770501763,7364106.707544915378094],[241852.782988620601827,7364119.681441583670676],[241839.809238695830572,7364175.86813803948462],[241840.896550428238697,7364182.348377786576748],[241845.221735355036799,7364184.509077332913876],[241851.706158840039279,7364184.514117572456598],[241874.410359705594601,7364172.629816152155399],[241887.39175981230801,7364174.790002131834626],[241897.118093171186047,7364184.516446587629616],[241894.95520470009069,7364193.155018096789718],[241875.497745303262491,7364229.898887429386377],[241863.594110041944077,7364245.023718191310763],[241863.600633297493914,7364251.506808593869209],[241867.920000707381405,7364257.989376973360777],[241875.495457067794632,7364257.991730842739344],[241884.140538975509116,7364256.90498857665807],[241929.556330117658945,7364220.170426019467413],[241939.290455647394992,7364207.201037001796067],[241946.418491113552591,7364205.42224526591599],[241948.436448627704522,7364213.459490971639752],[241951.447962183941854,7364227.52092481777072],[241945.775245644297684,7364288.248704202473164],[241947.939800780965015,7364301.208973524160683],[241951.186413308227202,7364305.533526130951941],[241955.502453362278175,7364308.780059057287872],[241965.238557882286841,7364307.690586521290243],[241977.130733243597206,7364291.490521204657853],[241983.621202360780444,7364287.162544730119407],[241992.269478841481032,7364289.32281862013042],[242004.166578222619137,7364297.968654675409198],[242004.160902974253986,7364305.138603447936475],[242004.165171405882575,7364306.612584855407476],[241995.510044492810266,7364337.953066270798445],[241995.54448477976257,7364338.308305066078901],[241996.593842087808298,7364350.916187677532434],[242002.001912571751745,7364355.246074526570737],[242009.568417545757256,7364356.323146186769009],[242022.543392108753324,7364352.000110419467092],[242034.441947736835573,7364352.001986576244235],[242042.012857767898822,7364357.401095971465111],[242047.167201286618365,7364368.519693968817592],[242057.848478005733341,7364375.027109289541841],[242096.128430390846916,7364385.05252874456346],[242150.496520369721111,7364401.99196710716933],[242203.945746193348896,7364412.719969313591719],[242233.378450174088357,7364415.738497151061893],[242257.580493266781559,7364409.620774934068322],[242275.623435433662962,7364401.830602603033185],[242292.05326844897354,7364394.731967722065747],[242309.708715419692453,7364401.806845461949706],[242317.66340716322884,7364413.706672838889062],[242318.944560477917548,7364427.626305103302002],[242318.374069884273922,7364433.888524081557989],[242317.132975913467817,7364447.452881405130029],[242322.975335815455765,7364456.023688778281212],[242341.499893228756264,7364468.111981254070997],[242392.444776859803824,7364486.075436459854245],[242425.529774089780403,7364496.417345212772489],[242439.85985116197844,7364497.293364280834794],[242459.219307147403015,7364491.720655582845211],[242479.360277274710825,7364492.068530543707311],[242501.118230995052727,7364505.810023166239262],[242532.7412680798152,7364531.828739510849118],[242550.339134723762982,7364535.854730915278196],[242563.612103584309807,7364527.391874058172107],[242575.241229420120362,7364524.207972823642194],[242586.061111460934626,7364531.537491798400879],[242593.253804946667515,7364545.019358625635505],[242606.528266523877392,7364563.374785356223583],[242607.652617285115412,7364564.935202061198652],[242611.390994493704056,7364578.300116868689656],[242604.75448708460317,7364586.825820378027856],[242600.987483224482276,7364591.668020781129599],[242594.195112455345225,7364600.357173443771899],[242592.524574191833381,7364620.873333429917693],[242594.48442824621452,7364631.624479349702597],[242604.400185464066453,7364643.924741452559829],[242622.722950340772513,7364645.61416825465858],[242644.993295788677642,7364642.054545108228922],[242658.782168674544664,7364650.999421962536871],[242669.114649717812426,7364669.10290386620909],[242672.356762517330935,7364681.140205046162009],[242670.477225199487293,7364703.093290374614298],[242653.63892213179497,7364717.66540052741766],[242646.231348758476088,7364725.401659429073334],[242648.954414948093472,7364737.38539467100054],[242659.078689345624298,7364742.563635237514973],[242699.543180530628888,7364746.786027581430972],[242732.205500279873377,7364755.71221336722374],[242743.236667100572959,7364763.787835419178009],[242751.094964280491695,7364780.561689267866313],[242748.025869149016216,7364792.02117694914341],[242746.420826443878468,7364797.987927191890776],[242734.541889173298841,7364807.75020126067102],[242715.763151127641322,7364809.898251108825207],[242699.119851253402885,7364811.796166421845555],[242677.062084016477456,7364819.437834360636771],[242674.097953205782687,7364834.733529852703214],[242690.851738303666934,7364862.138226047158241],[242690.851249286235543,7364871.901396047323942],[242677.916305357124656,7364886.565208867192268],[242677.06770346936537,7364901.012016916647553],[242684.911928860325133,7364912.277935124002397],[242721.818330776441144,7364931.397461006417871],[242725.633120369981043,7364938.192097262479365],[242724.798586403834634,7364944.405283041298389],[242724.575535318814218,7364946.0525191873312],[242715.235123843507608,7364955.826732908375561],[242711.217510330316145,7364957.561565787531435],[242674.935441398614785,7364973.239308068528771],[242669.633449129381916,7364980.680619821883738],[242669.629371551942313,7364999.807955233380198],[242679.175395623082295,7365017.431949660181999],[242716.933093808416743,7365035.71330482698977],[242720.319398932420881,7365040.804777113720775],[242717.988515159289818,7365055.468997739255428],[242711.636214037251193,7365068.643146997317672],[242713.112043211993296,7365087.120820515789092],[242725.843595679179998,7365107.948740246705711],[242756.171739776502363,7365134.065612895414233],[242757.447730033192784,7365140.859374606981874],[242754.625587869784795,7365144.743228789418936],[242746.200319681986002,7365156.373357571661472],[242736.930441209580749,7365159.887566387653351],[242705.907242981076706,7365171.669541703537107],[242701.663830734498333,7365176.34815021045506],[242701.869508436182514,7365190.569918279536068],[242703.571093494159868,7365196.939067427068949],[242711.637702480657026,7365203.742891201749444],[242733.27080225609825,7365211.397685020230711],[242743.028002831939375,7365219.461671593599021],[242745.784279002837138,7365229.019012928009033],[242736.024571231537266,7365246.875593303702772],[242739.62063310566009,7365261.955595327541232],[242751.083239234052598,7365270.448872947134078],[242765.922039998375112,7365272.574710953980684],[242779.50754014699487,7365279.809157641604543],[242791.591764543903992,7365292.336195068433881],[242797.949374349438585,7365304.65050635766238],[242800.287507918983465,7365338.857645394280553],[242794.771858325781068,7365353.720086762681603],[242776.325521224294789,7365369.238992667756975],[242770.807136318704579,7365383.680266885086894],[242770.592527815344511,7365400.897742224857211],[242784.589476208027918,7365423.410366242751479],[242800.925647195545025,7365435.946543882600963],[242816.029178229422541,7365467.333261251449585],[242825.78347946194117,7365473.280469488352537],[242843.599977335339645,7365477.121462758630514],[242856.325998234999133,7365469.058573434129357],[242870.323509288748028,7365468.620477152988315],[242884.756862446491141,7365469.475620144046843],[242891.110164038167568,7365472.86886234395206],[242901.07388570139301,7365487.109003210440278],[242880.932748004648602,7365546.892269272357225],[242893.996502712107031,7365572.014562264084816],[242925.144357233657502,7365583.074122756719589],[242948.0016419160238,7365582.704830231145024],[242992.802353386970935,7365590.926224052906036],[243017.735347925074166,7365600.556341],[243052.520683571579866,7365620.955808637663722],[243072.247314101347001,7365642.406312907114625],[243076.492248855065554,7365656.001651695929468],[243089.641578438691795,7365670.021190891973674],[243099.954657933994895,7365672.653550911694765],[243108.22463509454974,7365668.611552154645324],[243124.995711467345245,7365638.910899681039155],[243126.45925474431715,7365636.310498466715217],[243140.460260346153518,7365629.943381275981665],[243143.206982836010866,7365630.302475234493613],[243150.226494466944132,7365631.214002681896091],[243162.310402073664591,7365640.349598093889654],[243183.954167811345542,7365667.541153631173074],[243168.323646778299008,7365675.51948394626379],[243158.277275271713734,7365690.589670371264219],[243145.215188659174601,7365702.647412614896894],[243123.108381186932093,7365726.767756866291165],[243125.609925686439965,7365745.518415369093418],[243126.881095497694332,7365762.928468557074666],[243159.336070620513055,7365784.815511369146407],[243152.127030971547356,7365796.29016731493175],[243130.910380618064664,7365808.180873680859804],[243127.304836245864863,7365821.149103716015816],[243139.177640733221779,7365843.324318605475128],[243175.452008444146486,7365849.398829853162169],[243181.389695760619361,7365862.425764229148626],[243175.35822538312641,7365876.492343986406922],[243142.195567087852396,7365887.539209473878145],[243129.135696439829189,7365904.628166325390339],[243147.222242465708405,7365923.722174901515245],[243167.317855779983802,7365938.784795090556145],[243188.420148577919463,7365944.822456046007574],[243456.726947073213523,7365933.538981402292848],[243466.904880113201216,7365938.628824038431048],[243471.576590914948611,7365945.438391556963325],[243468.778587831242476,7365962.909149965271354],[243447.604789909149986,7365974.114001004956663],[243425.567291247600224,7365996.063975125551224],[243433.600173861836083,7366011.133765686303377],[243459.732210745598422,7366014.157337427139282],[243483.850471649580868,7366007.116065561771393],[243474.545225473149912,7366018.930457215756178],[243463.725906537147239,7366032.745959968306124],[243450.690559297450818,7366039.274610360153019],[243439.634725831885589,7366054.349233256652951],[243440.642013896693243,7366077.461677300743759],[243440.637866733333794,7366135.741039818152785],[243444.661255925922887,7366173.922894880175591],[243444.661699594435049,7366198.036999717354774],[243454.708978557726368,7366235.217533580958843],[243459.734166688896948,7366274.414510857313871],[243475.395080672693439,7366298.086099741980433],[243499.667302365705837,7366337.580128918401897],[243542.203623753943248,7366364.37684797309339],[243583.726972155069234,7366368.947472805157304],[243616.725053545262199,7366379.295615121722221],[243653.286474454740528,7366392.266743125393987],[243692.528164966759505,7366405.905856853350997],[243731.77116523400764,7366424.653597731143236],[243753.943667255545733,7366441.70245549082756],[243779.538986719562672,7366443.408193239942193],[243822.194150965486187,7366445.116883434355259],[243844.372944235947216,7366445.121876996010542],[243873.374598860362312,7366448.527888642624021],[243897.258048554882407,7366455.345055095851421],[243910.91360474776593,7366462.169461630284786],[243923.364396208402468,7366462.16829495690763],[243927.973454907478299,7366462.172333417460322],[243932.902199834526982,7366467.157759595662355],[243940.044985015090788,7366474.376581283286214],[243955.266882113821339,7366486.038175355643034],[243958.685695536696585,7366497.978391356766224],[243963.797887103602989,7366511.61085457727313],[243974.036587441980373,7366515.027998179197311],[243989.393696878280025,7366515.022810930386186],[243994.510178740456467,7366504.796229733154178],[244001.339071158494335,7366491.153520923107862],[244013.279214405658422,7366487.74112441111356],[244037.163158661220223,7366496.264650685712695],[244044.878438401268795,7366503.981144430115819],[244054.227119636605494,7366513.322318019345403],[244064.195285849913489,7366534.908742427825928],[244064.460526399750961,7366535.478607522323728],[244072.989992953516776,7366554.235869698226452],[244078.105850903288228,7366583.227700166404247],[244088.771217776869889,7366595.961004568263888],[244095.798106085596373,7366612.043110721744597],[244103.841652743547456,7366619.078299436718225],[244112.884620794065995,7366626.109001517295837],[244127.960002347303089,7366643.186778947710991],[244146.355977092665853,7366663.359685778617859],[244173.655884902487742,7366670.181369988247752],[244209.480847301339963,7366676.998626992106438],[244219.902576280233916,7366676.994545978493989],[244235.076138675300172,7366676.996915742754936],[244257.256245111377211,7366680.403366282582283],[244257.257076447393047,7366683.816566476598382],[244259.161115608469117,7366704.163119535893202],[244261.66592756981845,7366730.903393343091011],[244294.70610553046572,7366738.358248949050903],[244307.168518707709154,7366741.171701033599675],[244306.524697614862816,7366762.016202979721129],[244305.706299951474648,7366788.121457020752132],[244305.894702016637893,7366788.423995241522789],[244320.383648596471176,7366811.586129224859178],[244308.641027065459639,7366829.198030646890402],[244289.015910721442197,7366826.036326703615487],[244263.127021883963607,7366821.866225841455162],[244254.316708256868878,7366838.000651841983199],[244267.533808524953201,7366867.346143033355474],[244287.641722854692489,7366908.382798414677382],[244305.816653074667556,7366933.593729898333549],[244314.858183066535275,7366951.68384466599673],[244322.900498023926048,7366969.767371192574501],[244336.971169703552732,7366976.798106417059898],[244352.036402411526069,7366958.712974182330072],[244352.68208849907387,7366937.75769708212465],[244364.423993850214174,7366939.228534379974008],[244374.705192276480375,7366949.494627283886075],[244377.9917600757326,7366952.788580165244639],[244390.84808815564611,7366965.637887999415398],[244395.255854134593392,7366992.046026445925236],[244386.457406986824935,7367009.244582589715719],[244378.503854955284623,7367024.795802149921656],[244381.045167456497438,7367031.600580857135355],[244399.660662014590343,7367046.324720376171172],[244421.680122212594142,7367053.662035585381091],[244455.448040614865022,7367022.852928122505546],[244471.59712397493422,7367018.450626848265529],[244486.277264527569059,7367033.127293586730957],[244491.370140915241791,7367057.131660091690719],[244493.993279514077585,7367070.276616251096129],[244494.339946734457044,7367072.011491706594825],[244490.729718670569127,7367082.419974459335208],[244484.373517068626825,7367088.369418952614069],[244476.732423878798727,7367094.318328611552715],[244445.805211288010469,7367095.932943269610405],[244436.016835039190482,7367096.436005599796772],[244431.421938910265453,7367104.278280146420002],[244431.844182779517723,7367116.165376279503107],[244459.845433243608568,7367138.757046096026897],[244460.78340160913649,7367147.428459759801626],[244460.565795821137726,7367147.624087305739522],[244460.706793617515359,7367148.878815427422523],[244463.662435225647641,7367174.374716242775321],[244433.427363381109899,7367178.361961748450994],[244418.688843205542071,7367182.567526021040976],[244412.877261857036501,7367184.237930711358786],[244412.440761186473537,7367187.587989319115877],[244412.393915751308668,7367187.930695950053632],[244411.060696725995513,7367198.168842487968504],[244411.26054241345264,7367220.912125612609088],[244423.140253677876899,7367233.64438128657639],[244462.087166002456797,7367245.657928586937487],[244490.789458461804315,7367252.825016966089606],[244495.581161894835532,7367271.948079952038825],[244476.444042156974319,7367299.436342256143689],[244478.831279000238283,7367314.970783777534962],[244507.541915496549336,7367342.461882676929235],[244526.678282380307792,7367367.567501849494874],[244554.413985532068182,7367366.539043689146638],[244558.965272249566624,7367366.364522508345544],[244564.947043145104544,7367373.540283398702741],[244562.399169715412427,7367378.072055643424392],[244554.177037474670215,7367392.665594251826406],[244554.183013855596073,7367399.835583008825779],[244557.769946501794038,7367404.608651805669069],[244566.140067150496179,7367408.202851038426161],[244581.693540018430213,7367422.540163787081838],[244583.194429407507414,7367434.568177641369402],[244584.078726684558205,7367441.665016310289502],[244573.318903274717741,7367460.790522212162614],[244570.927827568375506,7367469.148263100534678],[244570.922889002511511,7367477.514884756878018],[244579.292323815461714,7367482.305886166170239],[244591.254584873269778,7367482.295426394790411],[244598.434515439032111,7367481.103446019813418],[244606.801234061451396,7367490.670608144253492],[244610.38747894516564,7367496.640473736450076],[244611.587193175801076,7367502.623621188104153],[244611.589752056141151,7367515.766597742214799],[244608.001873993343906,7367530.1095150699839],[244607.995501877943752,7367540.869762022048235],[244612.78294212356559,7367550.429144658148289],[244613.981402115081437,7367558.794840440154076],[244619.96275641102693,7367567.156302800402045],[244623.552278683666373,7367567.16425018850714],[244633.120049074757844,7367563.576414081268013],[244640.290014159720158,7367562.373151483945549],[244647.465089229721343,7367569.547760426998138],[244652.247682352957781,7367587.47374283336103],[244657.035699039814062,7367595.847371079958975],[244666.607348745223135,7367603.019934147596359],[244677.372380576445721,7367610.180303229019046],[244688.127559188578743,7367616.165826722979546],[244700.095788060221821,7367623.336325574666262],[244710.849935082602315,7367631.693299851380289],[244719.227734615764348,7367640.063747654668987],[244727.593911797186593,7367650.827635509893298],[244728.79245269446983,7367659.193314034491777],[244726.398577004671097,7367672.338324885815382],[244729.992962699354393,7367681.898769308812916],[244737.169578962173546,7367686.679697915911674],[244745.542054944991833,7367686.683335383422673],[244752.714733806467848,7367680.703840360976756],[244773.047604082297767,7367666.357071148231626],[244782.614675081975292,7367663.965946527197957],[244786.645396420761244,7367664.978987182490528],[244787.396684300532797,7367665.169545883312821],[244793.380321548116626,7367669.940485480241477],[244798.157540647691349,7367679.510688852518797],[244796.30666182670393,7367683.844238791614771],[244794.573395860643359,7367687.869575058110058],[244776.628837743832264,7367698.634781350381672],[244774.23980844244943,7367703.413187373429537],[244774.244484982307767,7367712.976788430474699],[244782.103420054656453,7367724.751205323264003],[244796.034471066115657,7367741.486500784754753],[244816.10594516992569,7367751.215611924417317],[244818.48877028140123,7367757.19742994569242],[244818.490836237062467,7367771.53719755448401],[244820.886641921300907,7367790.662149518728256],[244831.650471570785157,7367800.216006542555988],[244842.417462403827813,7367803.807951712049544],[244859.154459732933901,7367800.224473042413592],[244869.920235060708364,7367788.26874483935535],[244880.68246961812838,7367782.297067819163203],[244895.187258930614917,7367789.057750333100557],[244898.626366720476653,7367790.658736979588866],[244899.824323704262497,7367800.221201341599226],[244898.623088437045226,7367814.561909504234791],[244868.016569099330809,7367851.123849796131253],[244849.588165980792837,7367873.128559639677405],[244851.977891113667283,7367885.083527821116149],[244861.55124262283789,7367889.862310452386737],[244872.31163395193289,7367887.469989286735654],[244889.057698590127984,7367886.269192421808839],[244898.620670242788037,7367891.058847879990935],[244910.585919157630997,7367904.202117912471294],[244926.609718404652085,7367916.785257684066892],[244941.682087295310339,7367918.546953311190009],[244960.140814395010239,7367918.539835676550865],[244960.813876664702548,7367918.540616193786263],[244972.772289608314168,7367925.710672556422651],[244979.953935148601886,7367940.055047400295734],[244985.925973380479263,7367947.230409483425319],[245015.833739354391582,7367953.209612568840384],[245017.022296175884549,7367961.575067285448313],[245012.243646783957956,7367972.328759228810668],[245007.112283365277108,7367980.527446506544948],[245006.262283235613722,7367981.886598574928939],[244995.494624243758153,7367997.421781228855252],[244994.304185575048905,7368010.576934454962611],[245000.282695521629648,7368024.911171826533973],[245028.986774719436653,7368050.018275056034327],[245043.458023028826574,7368062.174960490316153],[245055.904530307772802,7368073.486997028812766],[245061.554348759615095,7368073.486790718510747],[245064.957761959463824,7368066.698264533653855],[245074.01049984106794,7368058.779186856001616],[245083.056723621848505,7368059.91372447181493],[245088.719162005989347,7368065.565388324670494],[245093.243067423754837,7368080.272892579436302],[245096.642407836276107,7368088.189679561182857],[245106.820400225551566,7368088.180558156222105],[245114.740105628065066,7368078.003000976517797],[245122.661072170594707,7368071.227538255043328],[245129.453612452867674,7368072.35559893026948],[245133.984520951868035,7368079.139809215441346],[245135.115485260059359,7368100.624936554580927],[245137.372614790481748,7368108.543758898042142],[245145.299181793467142,7368114.190941644832492],[245155.477977586531779,7368116.453541809692979],[245164.534926571650431,7368118.718543680384755],[245167.92264150507981,7368123.2441112594679],[245167.925599969661562,7368130.026148179545999],[245156.610904485569336,7368166.208050461485982],[245149.824469388608122,7368203.533528184518218],[245150.954997381486464,7368223.888308727182448],[245150.956968347920338,7368228.409666629508138],[245155.478735456272261,7368237.454362960532308],[245170.191079869051464,7368252.152835556305945],[245185.17379925964633,7368260.184883955866098],[245215.301594239135738,7368288.463785336352885],[245238.257280211983016,7368319.796806305646896],[245261.82377499595168,7368344.823981067165732],[245279.389100408210652,7368366.05530216358602],[245291.894264020316768,7368381.013982195407152],[245296.288941667997278,7368386.277535555884242],[245316.786965724109905,7368408.347204590216279],[245327.746514548460254,7368420.153620978817344],[245343.478168164700037,7368434.903055080212653],[245354.09947984199971,7368440.431279276497662],[245355.281999947386794,7368441.039411159232259],[245356.439130587008549,7368450.046990243718028],[245356.572960131015861,7368451.135346809402108],[245357.895097168744542,7368451.923241107724607],[245357.724965159402927,7368459.85471233073622],[245361.696141810563859,7368468.324469154700637],[245367.907539078238187,7368471.193072927184403],[245377.096966978628188,7368470.579014452174306],[245379.496374343492789,7368470.421753300353885],[245385.619658116920618,7368472.502001720480621],[245390.763156324246665,7368474.044175010174513],[245392.489373956312193,7368482.009001741185784],[245393.745712889387505,7368487.117578571662307],[245396.115012361464323,7368496.789208685979247],[245408.851463862025412,7368512.527543844655156],[245425.08587622718187,7368520.736457096412778],[245432.613955592969432,7368511.948130530305207],[245440.130261099722702,7368511.947339555248618],[245453.931178352533607,7368548.349452940747142],[245463.976731675269548,7368548.348798748105764],[245490.310605652543018,7368532.034243797883391],[245509.973887942032889,7368537.222647976130247],[245515.947931525472086,7368541.993050709366798],[245520.855683197180042,7368545.92466296069324],[245521.946950815618038,7368580.729112863540649],[245496.928336172510171,7368623.164117924869061],[245495.777259393595159,7368631.787559056654572],[245494.744497404200956,7368639.482222586870193],[245527.383646684349515,7368694.965556802228093],[245540.430219897534698,7368731.952684314921498],[245551.312118824193021,7368731.955575610511005],[245561.108066971879452,7368684.077795939520001],[245579.592836213065311,7368679.737324334681034],[245584.649993129249196,7368687.937961614690721],[245588.308925412391545,7368693.875533010810614],[245579.020079483801965,7368738.437744442373514],[245577.427193592564436,7368746.089319553226233],[245593.161286790098529,7368794.393629218451679],[245608.973369058454409,7368842.909828843548894],[245604.615906874852953,7368858.14806630089879],[245569.816668416606262,7368883.168318248353899],[245577.914396901003784,7368929.598598815500736],[245581.778745636547683,7368951.707869626581669],[245595.919559570786078,7368964.755647051148117],[245629.648208385158796,7368965.846978502348065],[245651.399856386939064,7368972.368361605331302],[245668.804138231032994,7368985.429066280834377],[245681.861458858533297,7369005.00695038959384],[245693.828978206060128,7369043.083059284836054],[245715.583216052880744,7369043.077303620055318],[245738.432142784702592,7369028.939519154839218],[245756.920107622165233,7369026.75975248683244],[245764.537544537772192,7369043.083755127154291],[245767.01177290227497,7369079.907071500085294],[245787.286232100013876,7369079.376545226201415],[245820.141914153879043,7369045.38987098261714],[245825.906910062883981,7369039.429443789646029],[245883.497633422899526,7369043.033492584712803],[245937.251770457602106,7369068.245589101687074],[246014.039364180323901,7369086.237418882548809],[246038.903301628713962,7369104.891711248084903],[246071.639137394842692,7369129.457523170858622],[246078.282955899456283,7369131.535484561696649],[246117.709814841597108,7369143.862559418193996],[246182.982570952677634,7369143.865579729899764],[246255.93463892507134,7369125.851282024756074],[246313.520337062014733,7369100.652499491348863],[246374.967541991500184,7369082.646599244326353],[246391.81050342542585,7369088.781624453142285],[246420.945760889881058,7369099.420491276308894],[246444.071868113212986,7369107.84856291487813],[246551.588789354602341,7369125.85474956408143],[246645.629025374742923,7369144.100797923281789],[246662.928624346212018,7369147.462013090960681],[246668.033380401117029,7369150.654162870720029],[246688.573611817962956,7369163.491351298987865],[246739.086621675727656,7369195.081939171999693],[246789.630234757612925,7369226.683942996896803],[246813.038721249031369,7369244.64642821252346],[246874.106411919463426,7369291.502985261380672],[246920.183851107169176,7369377.935278124175966],[246972.393521657824749,7369426.897122595459223],[247000.811288926255656,7369453.557100926525891],[247003.680259740503971,7369467.392617598176003],[247008.242052833084017,7369489.413694728165865],[247022.055270344251767,7369500.293262667953968],[247072.608004384848755,7369507.526035202667117],[247077.001060995244188,7369517.609357859939337],[247100.593586524802959,7369571.799902931787074],[247160.63915239268681,7369647.537657463923097],[247183.870635951374425,7369678.040563832968473],[247199.853472068498377,7369699.030871546827257],[247212.416643242817372,7369715.517790468409657],[247284.878001438395586,7369771.846306715160608],[247308.25226818228839,7369795.946359395980835],[247347.005388965102611,7369835.928453996777534],[247396.699124161154032,7369882.539576156064868],[247448.467705025483156,7369938.860786151140928],[247482.867783711204538,7369973.502830900251865],[247504.377533985825721,7369995.18747123144567],[247564.431834830495063,7370043.729375918395817],[247597.381586233095732,7370063.884524272754788],[247652.826428099913755,7370097.784657161682844],[247673.161073684575967,7370113.763745911419392],[247698.979247459734324,7370134.060345726087689],[247729.436077113816282,7370157.994821358472109],[247770.856691189750563,7370200.71478209272027],[247868.167496469424805,7370245.382706781849265],[247963.419167501415359,7370295.876152595505118],[247993.285768777626799,7370325.052305452525616],[248013.123285584995756,7370344.435264239087701],[248040.906580665527144,7370364.975885583087802],[248071.100423251133179,7370398.811724630184472],[248085.598268318601185,7370433.75971700809896],[248139.440465585328639,7370478.434193350374699],[248205.705764410551637,7370492.030517099425197],[248220.916297824063804,7370495.38659261725843],[248258.480347622098634,7370503.674483319744468],[248276.099016533204122,7370507.559926150366664],[248314.354477562854299,7370527.716756789013743],[248333.214264507696498,7370534.726473890244961],[248340.693156556604663,7370537.51592611707747],[248352.398241467803018,7370541.863691043108702],[248387.377522855385905,7370549.230899320915341],[248405.25348977354588,7370552.987667962908745],[248459.496538919716841,7370575.239071153104305],[248516.525039162981557,7370608.608887547627091],[248561.040277958265506,7370648.942002411931753],[248604.163002582325134,7370699.002381078898907],[248636.915112258779118,7370732.471194607205689],[248666.750861721928231,7370762.963850042782724],[248697.35271110406029,7370796.33978604990989],[248762.398531681188615,7370863.302095365710557],[248804.497530970227672,7370900.123939223587513],[248836.690642423985992,7370925.880978741683066],[248848.340725845715497,7370935.191775346174836],[248890.437964617012767,7370954.482631005346775],[248920.244379917829065,7370972.008993200957775],[248932.528132178558735,7370996.556430685333908],[248953.576085686014267,7371040.393141977488995],[248953.56963825202547,7371070.201782941818237],[248951.891861428419361,7371081.675125637091696],[248948.303781191731105,7371097.437086496502161],[248946.620891309838044,7371110.971465974114835],[248950.241266582073877,7371112.773957401514053],[248956.275933666998753,7371121.821132749319077],[248975.366039479878964,7371140.912521602585912],[249009.533665821887553,7371164.021606881171465],[249042.83817110201926,7371168.654186587780714],[249045.707773321977584,7371169.047403840348125],[249067.811159939476056,7371169.053412985987961],[249098.962766074197134,7371158.999091573059559],[249136.146576943079708,7371146.94369139149785],[249181.362153270922136,7371149.953739444725215],[249201.461643315997208,7371162.014560101553798],[249233.615315385628492,7371180.101634595543146],[249260.740412607556209,7371198.190270024351776],[249285.869387999875471,7371261.500303957611322],[249292.896006387862144,7371291.641083503141999],[249292.897915511450265,7371339.87796862795949],[249289.880814475647639,7371360.979953518137336],[249279.837786035466706,7371386.093708908185363],[249289.87931807275163,7371418.259107543155551],[249312.996324294043006,7371436.34473448432982],[249336.105906137294369,7371465.478229445405304],[249361.227063670405187,7371488.596085540950298],[249381.329213737830287,7371504.668055180460215],[249414.486919863353251,7371540.845540096983314],[249436.591398961551022,7371557.927190237678587],[249459.703352795884712,7371565.706866957247257],[249461.913616119825747,7371565.301824109628797],[249467.807906169909984,7371564.20693764090538],[249491.298734010109911,7371583.706012121401727],[249505.881819617759902,7371589.210585783235729],[249520.07269095920492,7371609.147255617193878],[249520.471008958353195,7371609.708202759735286],[249517.319123057706747,7371628.004308367148042],[249516.423363803420216,7371633.20810410566628],[249531.809795156674227,7371647.713434654287994],[249532.630085347103886,7371675.209146730601788],[249548.300454645708669,7371686.273086385801435],[249549.630612362845568,7371687.215815916657448],[249550.540798822883517,7371692.982718983665109],[249553.668120492657181,7371712.705998063087463],[249561.780981327581685,7371730.210515947081149],[249577.170736720552668,7371745.713151662610471],[249580.563215142843546,7371767.21400117687881],[249580.940954907564446,7371782.545908791944385],[249581.217304387013428,7371793.709510987624526],[249577.993636790808523,7371813.212238555774093],[249579.379675377189415,7371823.320130111649632],[249583.758049212541664,7371855.066008145920932],[249584.57054854821763,7371873.574663825333118],[249586.010784849902848,7371891.174418983981013],[249594.578184296318796,7371907.767007809132338],[249596.611309924192028,7371911.713813068345189],[249600.661759454756975,7371915.207890887744725],[249612.831629999331199,7371942.334480119869113],[249618.106001787091373,7371954.105226764455438],[249615.677910243510269,7371993.102542349137366],[249594.505672187369782,7372033.017183443531394],[249591.753595230315113,7372038.211077271029353],[249587.700439235923113,7372069.711556386202574],[249594.986565898929257,7372096.709456389769912],[249600.657904018473346,7372106.171077694743872],[249624.959440143837128,7372146.716026306152344],[249626.224941458873218,7372172.668007688596845],[249628.197256875020685,7372213.21511850785464],[249632.248408619518159,7372226.715555964037776],[249647.636451864615083,7372251.215985871851444],[249660.782997551257722,7372262.568574490956962],[249663.84853926562937,7372265.214520510286093],[249681.657478178443853,7372303.707990831695497],[249690.144386903091799,7372336.211751082912087],[249697.85545921503217,7372358.70682708453387],[249710.830798621755093,7372378.212191162630916],[249718.920086823025486,7372397.710762434639037],[249720.552266991027864,7372417.208674656227231],[249737.557166163518559,7372456.208971625193954],[249766.406884686701233,7372503.990543147549033],[249806.914491960807936,7372578.490583822131157],[249814.815091003460111,7372633.17979552783072],[249814.815105577581562,7372675.155485618859529],[249815.268108806572855,7372715.709510957822204],[249819.507887846266385,7372801.074856143444777],[249820.332793078210671,7372817.710925325751305],[249817.749847911036341,7372846.211597412824631],[249765.904253082640935,7372917.345017007552087],[249752.9054386014177,7372951.184404782950878],[249744.244888138113311,7372983.680253202095628],[249736.873160680930596,7373013.018027756363153],[249736.829117826273432,7373013.205648588016629],[249736.756009602511767,7373013.304118033498526],[249676.480800182675011,7373092.259248187765479],[249654.609186309331562,7373124.759737784042954],[249640.592564786289586,7373157.850133204832673],[249649.334500520955771,7373215.213446169160306],[249649.329973723855801,7373226.704606527462602],[249637.524283064354677,7373267.63435766287148],[249634.650464860344073,7373340.743049286305904],[249634.651229889743263,7373363.747700529173017],[249631.759128375299042,7373379.998271023854613],[249615.30674141223426,7373414.708803426474333],[249623.529748689441476,7373446.000092646107078],[249624.774673715961399,7373450.708942922763526],[249622.322431979002431,7373461.570545508526266],[249615.306897187256254,7373492.709600415080786],[249616.253392851067474,7373527.709386199712753],[249602.063853690517135,7373570.204759133979678],[249550.965906543307938,7373645.705565610900521],[249535.831234492739895,7373660.204462662339211],[249504.103775801602751,7373666.704288752749562],[249464.364518273272552,7373698.209016848355532],[249452.060287295840681,7373714.208366540260613],[249464.797680577350548,7373826.714558764360845],[249465.201278600114165,7373846.468296785838902],[249465.485785613855114,7373860.712601937353611],[249455.594002072437434,7373890.605175795033574],[249452.246715280256467,7373900.708864718675613],[249460.748705998470541,7373944.205495422706008],[249463.492213967023417,7373953.705168708227575],[249456.768203321000328,7373989.204149713739753],[249450.806953311548568,7374020.704893773421645],[249443.699946688779164,7374044.706014795228839],[249432.516750964772655,7374070.210274267941713],[249417.271573269041255,7374095.212206408381462],[249398.968124812468886,7374117.712350955232978],[249377.628441103879595,7374144.70334136672318],[249360.665957133256597,7374175.205106982961297],[249350.957520498632221,7374248.206845123320818],[249258.600068723899312,7374366.709709521383047],[249155.406065181829035,7374419.711892887018621],[249182.893218095356133,7374472.712167223915458],[249167.516476861259434,7374527.708595504052937],[249172.721726989315357,7374544.708559093996882],[249164.625271053082542,7374565.711645044386387],[249168.083166168275056,7374604.710935530252755],[249156.77157528733369,7374654.713492971844971],[249154.885252206935547,7374681.209406604990363],[249120.875537577318028,7374722.209467945620418],[249091.695564095658483,7374790.707995248958468],[249067.394302376633277,7374869.707219708710909],[249064.158112907462055,7374918.209334385581315],[249070.642513574508484,7374982.204879878088832],[249056.062048008170677,7375086.70390763413161],[249056.877479288814357,7375119.208242652006447],[249057.669551972096087,7375150.703777968883514],[249067.387136612291215,7375194.709206035360694],[249024.810958306363318,7375247.207481833174825],[248977.032891081005801,7375287.204701380804181],[248946.526285047613783,7375310.20265073236078],[248894.691333523165667,7375335.203018606640399],[248836.739872658217791,7375381.705869576893747],[248765.203229952574475,7375443.210178768262267],[248674.244668261875631,7375526.208103872835636],[248517.523205699457321,7375562.212202263064682],[248485.128262407612056,7375562.205083845183253],[248404.107701029395685,7375589.712348332628608],[248301.563782289886149,7375672.208286004140973],[248287.779253081622301,7375682.208438914269209],[248281.926463301671902,7375687.86924890615046],[248241.817324612289667,7375687.871930629014969],[248215.698561902303481,7375691.895856432616711],[248188.563072184479097,7375703.947139083407819],[248164.44455949580879,7375739.122010884806514],[248136.310568173124921,7375755.200572350993752],[248104.159910155140096,7375755.19689011760056],[248056.933350635023089,7375760.217335740104318],[248019.745733471150743,7375775.296404883265495],[247983.57034670424764,7375801.418881945312023],[247940.362611463380745,7375816.493007184937596],[247915.24508329454693,7375824.534171247854829],[247889.119076605857117,7375836.591391957364976],[247882.08259090242791,7375858.698381388559937],[247872.03179977129912,7375882.814157949760556],[247864.999936888692901,7375909.941070422530174],[247823.799368658452295,7375938.08140816539526],[247801.695177236048039,7375961.189958980306983],[247773.55589012382552,7375979.284617483615875],[247752.454064976394875,7375989.323446456342936],[247710.250354021030944,7375978.273503685370088],[247662.019540352950571,7375975.263491004705429],[247617.808297212730395,7375996.35864938609302],[247593.694905328855384,7376023.498865807428956],[247551.483391633781139,7376051.632029270753264],[247520.335429824626772,7376080.766390909440815],[247493.205675079603679,7376091.819288483820856],[247477.132013521972112,7376097.856161706149578],[247443.968860505206976,7376107.906463673338294],[247430.901263052219292,7376122.971482507884502],[247407.79463880226831,7376142.061716477386653],[247383.677782916027354,7376175.229856612160802],[247359.557849781704135,7376179.24280914478004],[247333.431891098414781,7376181.259416365996003],[247320.36982489930233,7376191.304584749042988],[247306.307893197081285,7376222.453458620235324],[247301.277832656080136,7376271.689162103459239],[247301.279471564077539,7376296.810681652277708],[247296.257969250407768,7376334.998395586386323],[247279.075577374664135,7376367.201099438592792],[247282.558283354504965,7376402.201297589577734],[247276.103587373858318,7376434.202822390943766],[247271.240295814379351,7376462.70815915055573],[247243.69883096968988,7376482.707277136854827],[247222.659588594193337,7376479.703749481588602],[247211.309009361284552,7376502.200873559340835],[247212.935957423731452,7376520.701859419234097],[247240.46559654243174,7376547.70980785600841],[247253.415537546679843,7376575.206443504430354],[247253.424613331095316,7376595.208493705838919],[247242.09651924984064,7376625.208129324018955],[247238.853860140341567,7376649.70804126933217],[247233.988375390705187,7376670.711240144446492],[247219.418284099927405,7376684.70833989046514],[247225.892019890074152,7376699.703296333551407],[247246.956690658815205,7376721.202048871666193],[247273.411090050823987,7376763.705097697675228],[247278.273355143843219,7376802.707486141473055],[247289.615468896838138,7376841.700704586692154],[247288.801723556942306,7376900.207282612100244],[247294.806401085719699,7376923.992636003531516],[247298.519882772729034,7376938.706809358671308],[247298.51826030499069,7376951.705230362713337],[247294.807920061226469,7376960.86038785520941],[247292.846111615712289,7376965.702064258977771],[247292.035342692601262,7376977.700167493894696],[247294.47166745949653,7376997.201437788084149],[247306.630138206703123,7377036.208812832832336],[247310.666180362633895,7377075.207867195829749],[247310.386190778284799,7377081.918306726962328],[247309.85606743596145,7377094.209405345842242],[247292.031934232421918,7377152.708195727318525],[247290.512851019972004,7377164.948847912251949],[247289.611141652305378,7377172.202541399747133],[247290.831742273934651,7377206.454122067429125],[247294.470367853034986,7377308.200043154880404],[247291.650302612280939,7377310.755114167928696],[247255.096003420097986,7377343.706897262483835],[247251.531847261911025,7377390.208811485208571],[247219.466096135758562,7377450.210670066997409],[247190.973463012196589,7377497.209712032228708],[247162.468040370295057,7377563.700630252249539],[247133.973925001686439,7377630.701455185189843],[247109.031397623271914,7377687.702165793627501],[247082.658629011537414,7377761.200292700901628],[247060.924778579035774,7377789.201424591243267],[247030.639395233185496,7377854.708206358365715],[247005.695631560171023,7377904.705353755503893],[246975.769840208115056,7378001.70053496491164],[246975.315129447291838,7378003.199686601758003],[246968.117596643191064,7378030.334579790011048],[246968.01922154892236,7378030.70963407959789],[246964.778852717892732,7378069.704013438895345],[246966.738116750086192,7378163.497700892388821],[246968.021341350686271,7378225.199008571915329],[246965.999285052181222,7378234.660550156608224],[246965.410553271794925,7378237.409564774483442],[246960.744973145134281,7378259.20298738591373],[246919.301076177449431,7378292.645335037261248],[246918.607503417850239,7378293.209490701556206],[246917.070562933513429,7378295.321436948142946],[246904.775216741545592,7378312.205924229696393],[246895.133023879781831,7378333.203471999615431],[246837.614779890340287,7378370.199875835329294],[246805.203582796297269,7378401.206228388473392],[246767.942497604119126,7378458.701216176152229],[246750.918435135477921,7378478.70574850961566],[246706.376281507691601,7378517.700811528600752],[246648.065081993787317,7378576.701518822461367],[246609.166153238067636,7378598.707164533436298],[246570.285247805266408,7378606.207469809800386],[246533.027226606674958,7378617.204453710466623],[246506.297105459234444,7378633.70401126332581],[246483.455890440061921,7378660.698956044390798],[246473.100665442529134,7378672.209261740557849],[246454.599948833085364,7378687.899253320880234],[246424.776907812862191,7378713.198794446885586],[246389.143788758054143,7378780.207131087779999],[246355.137855072593084,7378821.202456016093493],[246325.99557396300952,7378898.707224453799427],[246316.274659353250172,7378976.20731367636472],[246314.910679755557794,7379004.662773448973894],[245892.815338015323505,7379039.357178343459964],[243845.392430616280762,7379207.47681578155607],[243153.279310024459846,7379264.240430573932827],[243003.581807837297674,7379276.511489765718579],[242889.167039495136123,7379285.89202066231519],[240151.633331882912898,7379510.046428037807345],[239868.504062039864948,7379533.199521400034428],[239836.252759182651062,7379505.704540794715285],[239783.172754779167008,7379507.702688626945019],[239730.662577504728688,7379521.202841769903898],[239709.348301954218186,7379524.201379647478461],[239664.025706337444717,7379518.192692085169256],[239661.555983374186326,7379517.605464968830347],[239641.066928060143255,7379512.706147128716111],[239611.020435548154637,7379497.19645787589252],[239568.960388811858138,7379481.704290598630905],[239534.807898872328224,7379473.202285436913371],[239475.136676408961648,7379431.19657756946981],[239456.695789656718262,7379420.227494763210416],[239403.69604379037628,7379388.702634731307626],[239305.249173810327193,7379346.200707327574492],[239293.230558917624876,7379342.516578499227762],[239269.366006937052589,7379335.19571309350431],[239223.367397808586247,7379332.198837941512465],[239186.970304583810503,7379322.536419823765755],[239138.616970621922519,7379309.700533336959779],[239081.262759386154357,7379307.031426916830242],[239074.09338328614831,7379306.703311802819371],[239069.046769457258051,7379305.249670210294425],[239033.497612860868685,7379294.9814712125808],[239023.516437353682704,7379292.087249187752604],[239008.305597677855985,7379287.702824518084526],[238977.849524791963631,7379282.557132015004754],[238963.888329139328562,7379280.200937496498227],[238946.426969287887914,7379273.825607561506331],[238928.296379731356865,7379267.205517243593931],[238914.435643863165751,7379264.93973271548748],[238891.589042901381617,7379261.193824950605631],[238886.588011145300698,7379257.203147330321372],[238880.973730250407243,7379252.691681783646345],[238869.246527127776062,7379248.702118206769228],[238843.811353153869277,7379245.308600263670087],[238835.533164435735671,7379244.206871188245714],[238832.842727137292968,7379244.546422529965639],[238811.708142494753702,7379247.203309198841453],[238788.540894254110754,7379256.195831971243024],[238778.464482414885424,7379263.151666007936001],[238761.742726399796084,7379274.697985506616533],[238696.711518319876632,7379306.199475271627307],[238649.893507531203795,7379306.200364992953837],[238638.254601621825714,7379300.705040218308568],[238614.892901245504618,7379288.704384010285139],[238608.710875469841994,7379283.983123586513102],[238596.537911380437436,7379274.6991773461923],[238590.295892738184193,7379275.019169490784407],[238518.497232635359978,7379278.704152530990541],[238493.023197300732136,7379275.19850024022162],[238471.051062613521935,7379268.231682909652591],[238459.887339757900918,7379264.695196340791881],[238377.821140283427667,7379263.8173907417804],[238366.871534572070232,7379263.697964647784829],[238349.164833492191974,7379262.459562462754548],[238318.77710726018995,7379260.328020017594099],[238302.65053399791941,7379259.195569859817624],[238268.725724925025133,7379251.703025398775935],[238230.932482210308081,7379237.413928008638322],[238226.390695495589171,7379235.703099955804646],[238206.500934658659389,7379224.196442142128944],[238166.788752327993279,7379220.688748510554433],[238161.285926194890635,7379220.201789786107838],[238147.444886568264337,7379221.947334615513682],[238117.706531777890632,7379225.700570778921247],[238076.619393745466368,7379245.828173890709877],[238066.68214316709782,7379250.702623190358281],[238057.148578686872497,7379254.697769215330482],[238021.762445668457076,7379267.70238864980638],[237970.710767828510143,7379294.199733329005539],[237947.276071356434841,7379302.698553462512791],[237935.679323766235029,7379306.202080670744181],[237918.834538633789634,7379313.201625986024737],[237869.566602344188141,7379313.200188675895333],[237825.251878815237433,7379318.695966062135994],[237814.96977419621544,7379317.213979666121304],[237813.453639662417118,7379316.388731012120843],[237800.767845765396487,7379305.000298122875392],[237793.52646316884784,7379299.605716835707426],[237782.729822377383243,7379291.564886453561485],[237764.267044155451003,7379284.13938901014626],[237742.776299328776076,7379286.145568314939737],[237721.966358963400126,7379296.242875784635544],[237717.965079834510107,7379299.085311063565314],[237704.937304349674378,7379308.358810238540173],[237703.143746263405774,7379310.46531286649406],[237657.278070683067199,7379309.70444562099874],[237626.18087122507859,7379315.205343164503574],[237606.767728306003846,7379316.328995689749718],[237591.901113937085029,7379317.202199986204505],[237578.857361400383525,7379321.698901410214603],[237550.420723783725407,7379338.695519952103496],[237489.838157698512077,7379345.20439350232482],[237489.334987403999548,7379345.372625036165118],[237455.968465276877396,7379356.705755928531289],[237423.931707659910899,7379357.701002540066838],[237389.002342596068047,7379352.703901901841164],[237387.558447963383514,7379351.835582599975169],[237314.087892540323082,7379307.864418685436249],[237310.472875430888962,7379305.704585733823478],[237269.136625895975158,7379306.199024854227901],[237255.61439852725016,7379309.489927391521633],[237242.389665888971649,7379312.697535989806056],[237224.44563433190342,7379323.455479647964239],[237202.363727371382993,7379336.698611916974187],[237180.536358122189995,7379343.197264265269041],[237155.357236765616108,7379361.205108994618058],[237105.635518692142796,7379381.196263806894422],[237065.706281368038617,7379381.194723579101264],[237031.921363457571715,7379381.20444175414741],[237002.363491883093957,7379381.700568874366581],[236999.946484613290522,7379380.459980012848973],[236990.652383635402657,7379375.703862385824323],[236966.618622799986042,7379355.199306400492787],[236954.167234869091772,7379351.195055616088212],[236929.150188855652232,7379351.196888303384185],[236900.755326458602212,7379364.702191220596433],[236885.144187668513041,7379380.200815595686436],[236858.623228904383723,7379400.699580196291208],[236835.356218047323637,7379402.694479439407587],[236795.466539206623565,7379400.498642940074205],[236781.119948050822131,7379399.695950543507934],[236773.164128119533416,7379400.516102489084005],[236757.487767783226445,7379402.127405934035778],[236756.843338638485875,7379402.204398596659303],[236718.648760160023812,7379419.698899920098484],[236699.796377173915971,7379431.548032879829407],[236698.763782442780212,7379432.205353299155831],[236680.177704444853589,7379455.839692983776331],[236676.750882383319549,7379460.199453998357058],[236656.426425082085188,7379485.697355838492513],[236656.269395105366129,7379501.69724995456636],[236656.068206644908059,7379520.699627945199609],[236643.324051689298358,7379544.694609976373613],[236635.747144675988238,7379552.20414225012064],[236598.832468156993855,7379566.064427575096488],[236578.494479151093401,7379573.697443634271622],[236575.509289668349084,7379575.649258757010102],[236537.972060572355986,7379600.203567665070295],[236533.030428150901571,7379604.225559297949076],[236529.393930123187602,7379607.196215739473701],[236526.459596406843048,7379615.354996604844928],[236513.926814709207974,7379650.203236380591989],[236494.153030173562001,7379675.699861533939838],[236403.813142909784801,7379730.704220738261938],[236390.93378591327928,7379748.047244620509446],[236383.777061904373113,7379757.703159775584936],[236384.790947791479994,7379765.40153335314244],[236386.540353749529459,7379778.698689908720553],[236382.694649754499551,7379788.702752873301506],[236374.259627899620682,7379795.110563483089209],[236374.13557507522637,7379795.196973046287894],[236367.006509451370221,7379806.704120058566332],[236368.127964532934129,7379812.409639927558601],[236371.044516245834529,7379827.201891912147403],[236363.305749658087734,7379848.694176028482616],[236353.533996804151684,7379851.697664776816964],[236325.058215880591888,7379852.123485088348389],[236319.779780101205688,7379852.194032328203321],[236319.41059311653953,7379852.852274815551937],[236295.81819573167013,7379894.70336977019906],[236287.975829004484694,7379902.196863848716021],[236267.869904171908274,7379912.194242497906089],[236255.539836639945861,7379943.699179381132126],[236248.010329038370401,7379954.201620996929705],[236220.824146181170363,7379988.196640855632722],[236188.034565099107567,7379991.203740922734141],[236173.24898085964378,7380011.193957973271608],[236161.13969424116658,7380027.697463834658265],[236108.390181306458544,7380051.199185960926116],[236100.307006758812349,7380065.204602958634496],[236081.035589320235886,7380083.196134760975838],[236059.724748517794069,7380088.694170791655779],[236003.966912605625112,7380140.699996821582317],[236002.897389901685528,7380141.70015696529299],[236003.243529970932286,7380144.000469436869025],[236007.819771252805367,7380174.194055000320077],[235998.088554640300572,7380195.195687029510736],[235898.043748160940595,7380294.195309795439243],[235833.650229124410544,7380328.700079305097461],[235817.972205998026766,7380347.199872331693769],[235790.980647161835805,7380368.696981254033744],[235749.235054951685015,7380412.323392590507865],[235742.180280075175688,7380419.697968805208802],[235734.725769723125268,7380430.534039604477584],[235720.864925949834287,7380450.695856049656868],[235706.278755116276443,7380453.4674476319924],[235689.28549119096715,7380456.694000138901174],[235687.508823989483062,7380459.532039048150182],[235662.839564591471571,7380498.703078863210976],[235641.245592615799978,7380555.694893078878522],[235618.010319301101845,7380600.200360793620348],[235586.316290891030803,7380641.692858923226595],[235574.213353866594844,7380675.19636838696897],[235559.404317648499273,7380703.696903199888766],[235550.106918110570405,7380709.202073561027646],[235538.110439162817784,7380708.197198562324047],[235529.927219742559828,7380700.700896261259913],[235527.847139243618585,7380693.27119009103626],[235523.897188903181814,7380679.202440664172173],[235514.465288462641183,7380674.697818409651518],[235492.653080290940125,7380680.197113085538149],[235492.541233015072066,7380680.172915263101459],[235472.695531303877942,7380675.201897174119949],[235460.916266860789619,7380668.427018336951733],[235456.875337554025464,7380666.103841362521052],[235453.56168378982693,7380664.20393147226423],[235451.31165491475258,7380661.07105734013021],[235440.997586663230322,7380646.698165832087398],[235423.609376443142537,7380635.698646085336804],[235423.243625200528186,7380635.603336922824383],[235394.315249713079538,7380628.261663008481264],[235386.176284547138494,7380626.196407942101359],[235380.032962430792395,7380626.095765976235271],[235355.428856802522205,7380625.703693929128349],[235349.61560673644999,7380621.486417960375547],[235345.756645827786997,7380618.701058711856604],[235335.282249465002678,7380618.200231863185763],[235334.26427173439879,7380619.168042129836977],[235327.927671081037261,7380625.203470759093761],[235320.252787144738249,7380644.203039629384875],[235302.892054617172107,7380654.703581169247627],[235299.151631462387741,7380675.703041644766927],[235294.558924376382492,7380685.194623259827495],[235286.733547734795138,7380691.701659668236971],[235242.232085875119083,7380690.293556988239288],[235191.497032681130804,7380688.694297720678151],[235131.178840473119635,7380716.698673261329532],[235104.940594343002886,7380716.34294349513948],[235056.178565724403597,7380715.698975639417768],[235046.727266266010702,7380711.703472541645169],[235038.569449056987651,7380701.702717951498926],[235017.056151871918701,7380694.694794679060578],[234988.282171287748497,7380695.689048808068037],[234987.894194921304006,7380695.693065008148551],[234987.574220541922841,7380695.886719722300768],[234953.895627511607017,7380716.196785503998399],[234942.64855788461864,7380717.199892090633512],[234931.294756881368812,7380712.294148666784167],[234922.979538854793645,7380708.696057097986341],[234912.798456062446348,7380707.779146485030651],[234900.752352528797928,7380706.695261995308101],[234898.34202023036778,7380700.600378939881921],[234896.615331884182524,7380696.202469666488469],[234882.538860333443154,7380691.701456376351416],[234839.135687012807466,7380692.196133755147457],[234795.651344163925387,7380683.701400270685554],[234785.428506030759308,7380687.316326910629869],[234782.921620828041341,7380688.20155331492424],[234776.316322871658485,7380697.201949466951191],[234775.691833412915003,7380730.903142871335149],[234775.165893733501434,7380759.197934050112963],[234771.310896117764059,7380770.198957990854979],[234764.232792811468244,7380777.694614604115486],[234753.960215862549376,7380785.154203975573182],[234733.932332288299222,7380799.694910873658955],[234722.067302822892088,7380798.193056790158153],[234638.002804820192978,7380821.196685003116727],[234606.607389047334436,7380832.692844022996724],[234574.861120337212924,7380833.199895167723298],[234553.998840574175119,7380829.671950082294643],[234539.405493913334794,7380827.200340565294027],[234536.393280089716427,7380828.364452540874481],[234520.06732024892699,7380834.693882148712873],[234452.157396519382019,7380833.875911680981517],[234437.818136668531224,7380833.702892610803246],[234427.807381721155252,7380835.193639660254121],[234420.788274260703474,7380841.681730942800641],[234412.647839690267574,7380849.202182149514556],[234402.857799788936973,7380853.700272921472788],[234379.615015254239552,7380854.19587093219161],[234376.375179165275767,7380852.72926713898778],[234366.857949218770955,7380848.432885084301233],[234349.727028990047984,7380840.694948848336935],[234314.952157831809018,7380842.69768604170531],[234283.843762323551346,7380836.776872338727117],[234259.795420645386912,7380832.192903751507401],[234248.029709932161495,7380834.194519128650427],[234230.175622396171093,7380843.698550515808165],[234220.452170051459689,7380841.193652773275971],[234201.317747607710771,7380829.695246274583042],[234166.391931774269324,7380823.194653261452913],[234135.996807506133337,7380811.20229117013514],[234125.73069244006183,7380812.699249750003219],[234122.971009160508402,7380814.566086784005165],[234107.29102630430134,7380825.195776105858386],[234095.538775334425736,7380828.693644234910607],[234073.865178958512843,7380823.199665854685009],[234063.106826545670629,7380823.70125013962388],[234025.574003100860864,7380848.693277856335044],[234019.592752130469307,7380849.769773418083787],[234003.287830966466572,7380852.696729600429535],[233998.890093556896318,7380854.821746604517102],[233982.545654819405172,7380862.701808388344944],[233974.142807986179832,7380866.693029208108783],[233943.252832221856806,7380868.36694569978863],[233937.111653581203427,7380868.697961426340044],[233891.501326733734459,7380878.192805845290422],[233886.508059139014222,7380882.179834829643369],[233872.067196646763477,7380893.696389080025256],[233862.037861229851842,7380896.194922318682075],[233796.731627845321782,7380890.844495534896851],[233770.515254375815857,7380888.702523966319859],[233750.98211141966749,7380892.312673105858266],[233727.341214159328956,7380896.700984139926732],[233708.701612048258539,7380903.918146522715688],[233706.686463885416742,7380904.701373224146664],[233698.566399750823621,7380912.199679374694824],[233698.304116234998219,7380913.702094552107155],[233696.669590865669306,7380922.693307586014271],[233690.532902067061514,7380931.701873402111232],[233676.345864435308613,7380934.356930354610085],[233669.206117157824337,7380935.700231513008475],[233644.61742062860867,7380961.748377475887537],[233630.043051456916146,7380977.196554225869477],[233610.671108736540191,7380983.70200770534575],[233589.14297664212063,7380984.194513285532594],[233559.929522341233678,7380995.196538300253451],[233548.946069282712415,7380995.715803723782301],[233506.810737772204448,7380997.6927281729877],[233501.017840855580289,7380999.625822402536869],[233488.754459827090614,7381003.701245127245784],[233463.536432995751966,7381031.20049605704844],[233440.405481900903396,7381036.15184092335403],[233430.874304024793673,7381038.193757250905037],[233393.023125520790927,7381060.962009504437447],[233382.639218037365936,7381067.199620546773076],[233368.239967970410362,7381072.510308582335711],[233350.15073248144472,7381079.19409869518131],[233289.146752349915914,7381109.19588396884501],[233288.89553838619031,7381109.534837501123548],[233268.734206111752428,7381135.696838384494185],[233241.972074694349431,7381186.695619590580463],[233237.345537446497474,7381191.265468901023269],[233234.340985506190918,7381191.443130142986774],[233234.269550086581148,7381191.441820776090026],[233209.222015996405389,7381188.433718372136354],[233190.131578131520655,7381203.499517548829317],[233169.023205170233268,7381230.630394119769335],[233128.835458422719967,7381247.714226040989161],[233109.739619818632491,7381239.683890487998724],[233083.613514221040532,7381248.724655308760703],[233062.837975066562649,7381266.042404817417264],[233059.499907657562289,7381268.818305676802993],[233054.136526940157637,7381269.030246566049755],[233034.37867727491539,7381269.820433426648378],[233025.206440323847346,7381278.994749557226896],[233006.238038927840535,7381297.963626216165721],[233005.492540393315721,7381299.091449871659279],[232975.340858085488435,7381307.193756875582039],[232966.500317600090057,7381312.19601792935282],[232962.811326064052992,7381325.194627680815756],[232968.61479275446618,7381357.196593504399061],[232958.705114809330553,7381362.046248255297542],[232947.961287335376255,7381367.290645631030202],[232936.903040220437106,7381371.310189470648766],[232922.835144068289082,7381376.338423172011971],[232900.733793243125547,7381371.311449268832803],[232876.615958219859749,7381384.378446761518717],[232849.486517348675989,7381397.445546597242355],[232840.436456481344067,7381384.379372714087367],[232817.329435435472988,7381366.28967138659209],[232801.24644306092523,7381369.308110754936934],[232786.181686187570449,7381381.36640999186784],[232767.086517112911679,7381394.425705138593912],[232723.880594223795924,7381403.473682479932904],[232684.689963829005137,7381398.44287315197289],[232660.567499960714485,7381388.402348496951163],[232631.433215387864038,7381373.326900890097022],[232609.323252606554888,7381374.328223045915365],[232577.166586121253204,7381390.405602494254708],[232559.086054258630611,7381400.457752678543329],[232523.914683474518824,7381404.47722558490932],[232505.822003184701316,7381413.520579742267728],[232476.685015326482244,7381428.589328018948436],[232458.597433702321723,7381424.577465284615755],[232437.495140868297312,7381413.517063874751329],[232399.311064524459653,7381406.486955942586064],[232332.99335691833403,7381405.478123580105603],[232304.855525633960497,7381409.504510720260441],[232253.609782209270634,7381410.501388856209815],[232232.509719908004627,7381416.53005413711071],[232205.369303144747391,7381429.595827740617096],[232173.216396760486532,7381442.657986922189593],[232153.121843548899051,7381456.728842152282596],[232127.99933357181726,7381462.760927240364254],[232096.84998775931308,7381482.856684112921357],[232070.725218546402175,7381487.872798004187644],[232039.569203491148073,7381493.904507681727409],[232011.439408882462885,7381513.002842237241566],[231995.361183891887777,7381524.055404956452549],[231961.194149325834587,7381541.136290660127997],[231945.120888768346049,7381544.154008008539677],[231921.999866208992898,7381561.227651608176529],[231904.922233696677722,7381578.312826667912304],[231878.791917550261132,7381591.374496946111321],[231849.658723367203493,7381614.488152479752898],[231837.594691661768593,7381637.605899712070823],[231810.469983705319464,7381664.735151994973421],[231787.351658539380878,7381688.846131382510066],[231760.227391179825645,7381710.954891810193658],[231725.050045728741679,7381734.067797992378473],[231692.894122913188767,7381746.120446370914578],[231652.706858491292223,7381749.136719141155481],[231613.510589029057883,7381747.128556113690138],[231582.364625452551991,7381748.139125648885965],[231562.272179819934536,7381769.23570585809648],[231541.168493966688402,7381779.286392338573933],[231525.084631784004159,7381782.303491080179811],[231495.945332487986889,7381786.321040257811546],[231483.886622508871369,7381785.311757105402648],[231460.773184682708234,7381785.317638864740729],[231443.699141644639894,7381788.327468011528254],[231424.598995791515335,7381794.358709563501179],[231402.494491214572918,7381831.532153713516891],[231376.366062271699775,7381851.630542583763599],[231357.274281863123178,7381867.713828219100833],[231328.136535820493009,7381872.73961731698364],[231311.054925434815232,7381871.726162145845592],[231290.959374227386434,7381858.665621680207551],[231278.895798967627343,7381860.681650761514902],[231256.790379482146818,7381864.695587681606412],[231242.720263481896836,7381863.693311469629407],[231213.584281199960969,7381858.666931329295039],[231211.51172188547207,7381863.649113199673593],[231208.531587498961017,7381870.786740716546774],[231202.395567250903696,7381869.698175325058401],[231174.312587428372353,7381855.19331207126379],[231065.648205798934214,7381856.200852531939745],[231041.904276355460752,7381852.193589906208217],[231010.547192434372846,7381839.19055895972997],[230964.50911869405536,7381836.699609346687794],[230948.041951774444897,7381827.850533368065953],[230924.498828232113738,7381815.191200467757881],[230892.515945843129884,7381811.197640214115381],[230870.363344177021645,7381801.190514137968421],[230851.234435923863202,7381792.192365666851401],[230818.787416368257254,7381785.696447104215622],[230811.146837157197297,7381785.920896554365754],[230784.956216515391134,7381786.70001133903861],[230753.75689477880951,7381781.191212271340191],[230732.841467582038604,7381772.193103553727269],[230699.84910520183621,7381768.690237140282989],[230681.435903170146048,7381760.192727955058217],[230661.402562463073991,7381742.699301854707301],[230627.145339773211163,7381739.693747157230973],[230623.538584646827076,7381738.1973368357867],[230609.142392585228663,7381732.201173541136086],[230587.40194189036265,7381734.691435123793781],[230579.317555153160356,7381740.692728141322732],[230566.817023839394096,7381743.697527721524239],[230557.255455541482661,7381747.321932783350348],[230527.213935303036124,7381758.690886202268302],[230505.976865086355247,7381757.699291191995144],[230464.576559825509321,7381744.586661294102669],[230458.618878127424978,7381742.692033255472779],[230455.209119502746034,7381743.238449800759554],[230427.480348693497945,7381747.690070524811745],[230334.365301330049988,7381695.195456996560097],[230323.742307985317893,7381692.737788582220674],[230321.373637062264606,7381692.195184881798923],[230287.50823833810864,7381696.69909087382257],[230231.364155087387189,7381683.700476748868823],[230187.035793096816633,7381667.196834136731923],[230168.076662875770126,7381666.690260855481029],[230155.215015421563294,7381667.693120433017612],[230152.818769071425777,7381669.189204944297671],[230146.394483784795739,7381673.192903256975114],[230140.481832022720482,7381683.190774837508798],[230129.439307548105717,7381685.191536299884319],[230096.937001472339034,7381681.696353141218424],[230038.828169087704737,7381666.20016897469759],[229948.873897571582347,7381670.693722302094102],[229913.845641179359518,7381686.690207022242248],[229905.257420984795317,7381687.916212274692953],[229903.312594956194516,7381688.190445944666862],[229832.506530769751407,7381685.191952175460756],[229808.542802834766917,7381700.196601483039558],[229791.819355281128082,7381710.691919250413775],[229791.212286072259303,7381710.946638110093772],[229750.259546530200168,7381728.195976607501507],[229708.681427429080941,7381727.435135064646602],[229708.079292630660348,7381727.423955174162984],[229695.219936511246487,7381727.196271211840212],[229661.685601153469179,7381723.193312368355691],[229640.037427920207847,7381715.19956136867404],[229580.506458265357651,7381675.691900053992867],[229579.615358766517602,7381675.298531143926084],[229549.403969090664759,7381661.692811360582709],[229489.546388204849791,7381627.697898810729384],[229449.890165538352448,7381628.457098305225372],[229411.408396987360902,7381629.193690391257405],[229388.477894237381406,7381623.192771887406707],[229382.583306021813769,7381619.558851534500718],[229369.865931761625689,7381611.697439113631845],[229346.715417750529014,7381608.19707952439785],[229281.633564374293201,7381605.92292414791882],[229275.267318808124401,7381605.693699159659445],[229270.39140654791845,7381596.692414707504213],[229270.501183345681056,7381595.730249350890517],[229272.680730946187396,7381575.699763430282474],[229268.325523936015088,7381566.697077964432538],[229257.397167269315105,7381564.199674133211374],[229234.432366285473108,7381569.380444402806461],[229226.40490734874038,7381571.192787757143378],[229169.653511703771073,7381566.191527474671602],[229140.064007766253781,7381581.190214406698942],[229128.862678475736175,7381580.194901719689369],[229118.472642298962455,7381576.200141506269574],[229117.681242026330438,7381573.193044262006879],[229112.788218075351324,7381554.693370455875993],[229099.594257838267367,7381535.695643390528858],[229091.201671118848026,7381529.6987867327407],[229084.854320475715213,7381527.907143421471119],[229069.864091991097666,7381523.693731184117496],[229050.861882944882382,7381510.694497031159699],[229020.594189748226199,7381500.699548982083797],[228985.975160413945559,7381500.697843135334551],[228975.410272929002531,7381507.195188612677157],[228959.738355505338404,7381523.693926964886487],[228947.218942507053725,7381527.694464890286326],[228959.686062759137712,7381545.692444799467921],[228963.120308395649772,7381554.800009002909064],[228966.542084266955499,7381564.029251132160425],[228968.098038701107726,7381568.192130852490664],[228969.391677904815879,7381600.700096625834703],[228967.718665045220405,7381612.693856112658978],[228961.865479755098931,7381622.193720243871212],[228959.824933976458851,7381679.697964951395988],[228947.215093251026701,7381724.736686393618584],[228945.410265607701149,7381731.197640895843506],[228945.75411270186305,7381736.85630458034575],[228946.829878757300321,7381754.198853125795722],[228961.343832877813838,7381786.199321829713881],[228963.009556985052768,7381809.692755272611976],[228960.201653403288219,7381832.194105002097785],[228951.393434833560605,7381856.19075701572001],[228947.738343474746216,7381941.194762781262398],[228949.039901787473354,7381948.057120593264699],[228952.376685580296908,7381965.696661327034235],[228971.044977554527577,7382009.27843371219933],[228987.008367238391656,7382036.928083311766386],[229000.648182615579572,7382057.773916866630316],[229019.852048856730107,7382075.88607850857079],[229027.907952465291601,7382081.887755717150867],[229036.347874699626118,7382089.747410759329796],[229041.281897766748443,7382099.470231967046857],[229045.972431807836983,7382115.694153119809926],[229048.18653373408597,7382137.712649439461529],[229049.227455294807442,7382148.160982402041554],[229049.235909528040793,7382148.803945053368807],[229049.329559846781194,7382181.078947642818093],[229045.299241203116253,7382207.281385861337185],[229034.865572303358931,7382223.711500631645322],[229031.192427836125717,7382236.75415794737637],[229035.656414827448316,7382248.695879609324038],[229047.20652961259475,7382259.506015913560987],[229051.43785987352021,7382271.332572281360626],[229053.958181029360276,7382283.481939978897572],[229048.624555344169494,7382301.813470201566815],[229046.32616001664428,7382319.436762290075421],[229054.758531159895938,7382332.649261917918921],[229068.031951974146068,7382350.163309958763421],[229068.508352732926141,7382352.543902899138629],[229071.974506690748967,7382369.83113550953567],[229075.561602613481227,7382387.752338234335184],[229077.625453892280348,7382394.806177079677582],[229081.810896843497176,7382409.103335602208972],[229099.926199555571657,7382441.857665911316872],[229103.212826771487016,7382457.822684448212385],[229111.332120530307293,7382468.114522693678737],[229128.521434940921608,7382474.363589508458972],[229130.630937369307503,7382475.12321256287396],[229149.16887215222232,7382485.165502876974642],[229158.928188269783277,7382501.151141067966819],[229165.831806713889819,7382523.01297652348876],[229175.618611569341738,7382547.954038511961699],[229176.719794735428877,7382550.778474144637585],[229181.722423542232718,7382565.611674909479916],[229187.972453788737766,7382584.191900759004056],[229187.420526077970862,7382600.69505659956485],[229186.322743837954476,7382632.825936807319522],[229185.433224844629876,7382658.698889381252229],[229178.407341392710805,7382680.190841847099364],[229178.048154044838157,7382707.193022115156054],[229190.363586881780066,7382753.194116881117225],[229198.054748118156567,7382804.096481060609221],[229200.181858772586565,7382818.189056740142405],[229208.873398770752829,7382849.338241074234247],[229209.678012312331703,7382852.190404262393713],[229222.609826946747489,7382872.191507991403341],[229222.810455620812718,7382872.383645945228636],[229273.977054732793476,7382922.697688179090619],[229288.653290447313339,7382941.689353098161519],[229322.005798855505418,7383034.196824960410595],[229337.738469411735423,7383050.19352444820106],[229363.899424901581369,7383068.190462559461594],[229379.423036696156487,7383098.191891590133309],[229392.511921917903237,7383142.189979463815689],[229389.732497291523032,7383163.195675702765584],[229368.161388904263731,7383209.741693863645196],[229358.90772478323197,7383229.696149236522615],[229353.826135766110383,7383249.861109654419124],[229330.708822596643586,7383341.695973233319819],[229318.29067825601669,7383373.694046237505972],[229312.539807660854422,7383411.191161388531327],[229312.219563740771264,7383470.19008378777653],[229311.894015654397663,7383631.69378131441772],[229333.757425725692883,7383716.196279319003224],[229340.208848279959057,7383842.161333227530122],[229343.153031105699483,7383899.691421356983483],[229353.12395178648876,7383932.393555871210992],[229359.610400888544973,7383953.693258414044976],[229393.046741982456297,7384183.19607051461935],[229393.443089789012447,7384214.091167262755334],[229393.654751480964478,7384230.187308771535754],[229388.007905909616966,7384252.192619372159243],[229385.229565031186212,7384262.691844521090388],[229387.068342716025654,7384274.196676446124911],[229400.819745621585753,7384305.694398490712047],[229411.677799171418883,7384351.690078778192401],[229415.353229756234214,7384367.119060035794973],[229429.316860175866168,7384425.695916188880801],[229432.53541736403713,7384553.196586616337299],[229424.366581544280052,7384586.193543862551451],[229403.903336640738416,7384641.194322510622442],[229403.752391558140516,7384647.674948343075812],[229403.325137853273191,7384665.188896268606186],[229407.457975180645008,7384691.188247939571738],[229412.533017347624991,7384702.187917894683778],[229436.033879484864883,7384732.193016933277249],[229437.956625597318634,7384753.485475927591324],[229437.973134003113955,7384753.69635515101254],[229434.791987916163635,7384767.191546054556966],[229414.914216644712724,7384794.496269773691893],[229385.280898605997209,7384835.196277269162238],[229375.587734849366825,7384864.485443902201951],[229374.364927986287512,7384868.197640187107027],[229376.541030325810425,7384890.691755766049027],[229391.824986404215451,7384938.686858116649091],[229399.048325564421248,7384973.687367510050535],[229399.259824471489992,7385004.102437528781593],[229399.862939418759197,7385087.688858320936561],[229410.95550213358365,7385105.693686839193106],[229413.626596322050318,7385136.187647407874465],[229421.825573153153528,7385157.696325435303152],[229436.895922034280375,7385182.014548600651324],[229438.869150923448615,7385185.187592605128884],[229456.365563339611981,7385203.688025142997503],[229458.968722522666212,7385214.187383119016886],[229447.30778424575692,7385231.204701432026923],[229446.279424872947857,7385232.692874824628234],[229440.78580540290568,7385254.68997330032289],[229460.907414779532701,7385339.192659877240658],[229465.610815154854208,7385380.696233402937651],[229491.601595499087125,7385440.593159670010209],[229499.014804363658186,7385457.687318136915565],[229504.003867992607411,7385477.196872821077704],[229503.455651864293031,7385500.693240985274315],[229487.21120579430135,7385605.689205972477794],[229476.003819081408437,7385646.686999727040529],[229450.484223165607546,7385717.686286082491279],[229437.797438137815334,7385737.688029933720827],[229401.375535063096322,7385777.076425023376942],[229382.783983956149314,7385797.190220104530454],[229362.61000389495166,7385838.187816012650728],[229356.499235395400319,7385862.611662676557899],[229348.215950405108742,7385895.695163836702704],[229311.257650265702978,7385944.693291896022856],[229271.286488343495876,7385977.188585976138711],[229166.706653463596012,7386078.19484939891845],[229155.151013395632617,7386086.192604231648147],[229124.236502102052327,7386090.694395223632455],[229114.935890878376085,7386097.692221008241177],[229080.970428743574303,7386147.687526100315154],[229068.8758921737317,7386179.192895231768489],[229055.711042860231828,7386195.195717768743634],[229034.501553071953822,7386240.185745400376618],[229032.209013188141398,7386265.190266746096313],[229028.106605139037129,7386279.322194391861558],[229022.061245308257639,7386300.189612273126841],[229018.570992793655023,7386334.692001225426793],[229020.17812591191614,7386345.483249200507998],[229023.937845283944625,7386370.688866285607219],[229026.699295087484643,7386428.193352935835719],[229033.284350433212239,7386460.18978076428175],[229027.507611957436893,7386484.187540189363062],[229020.652044070477132,7386493.69113478064537],[229010.15153537329752,7386498.195173839107156],[229007.289138167689089,7386507.695364708080888],[229025.876842853962444,7386535.692217079922557],[229027.932226020668168,7386570.186786135658622],[229021.565779553668108,7386601.18899702001363],[229022.709161891310941,7386650.694883413612843],[229013.183282128942665,7386696.190107360482216],[228986.449614550045226,7386764.185139211826026],[228982.150498116621748,7386808.691336617805064],[228961.040099108766299,7386891.730409041047096],[228959.905386600235943,7386896.186776177957654],[228958.932679492922034,7386955.694366183131933],[228962.538802419381682,7386967.187710786238313],[228971.130047675804235,7386979.715694155544043],[228975.083327498170547,7386996.712544387206435],[228977.394980055047199,7387019.065132861025631],[228972.443505524657667,7387046.458468243479729],[228963.676136798283551,7387070.89939671754837],[228957.762846271740273,7387087.391567568294704],[228956.800370743556414,7387105.117230407893658],[228956.428364014311228,7387111.948399463668466],[228952.171742519421969,7387150.315516003407538],[228944.270912297070026,7387173.187698610126972],[228931.093022481072694,7387189.844150263816118],[228916.828116955934092,7387208.386638624593616],[228913.677895124128554,7387213.581356378272176],[228903.573845752165653,7387230.25056420173496],[228901.292507285019383,7387244.748800358735025],[228900.425518894393463,7387250.185425489209592],[228902.763245879556052,7387267.285269364714622],[228902.467022226774134,7387284.879234987311065],[228897.930133252521046,7387298.194039715453982],[228889.066120587056503,7387314.63137795496732],[228877.906563710363116,7387328.188868803903461],[228861.576569768134505,7387344.631556296721101],[228854.89453721413156,7387351.367648270912468],[228843.516306766599882,7387371.193916864693165],[228832.65906808472937,7387409.150227878242731],[228830.452293895592447,7387422.929464994929731],[228825.034997497161385,7387456.686734264716506],[228822.580167698848527,7387490.410389194265008],[228820.033693484845571,7387525.218454290181398],[228823.672918704338372,7387542.630646984092891],[228835.935630726220552,7387554.362437296658754],[228865.440814673958812,7387561.571383628994226],[228876.377844886097591,7387565.498388577252626],[228885.184400751662906,7387568.654343102127314],[228907.725417541572824,7387586.240302715450525],[228930.157488177123014,7387606.395402796566486],[228946.450182035274338,7387623.86523449793458],[228947.22574014152633,7387626.650333410128951],[228956.467992053134367,7387659.693502528592944],[228957.100694107066374,7387661.921808393672109],[228961.729620644531678,7387678.299456732347608],[228963.100159403635189,7387694.694171458482742],[228956.398647211724892,7387705.774407074786723],[228944.804414667421952,7387714.68021272495389],[228940.287045696633868,7387718.142805948853493],[228922.920435934269335,7387733.192079133354127],[228916.558450139593333,7387745.785865793004632],[228916.53704233415192,7387758.486335026100278],[228916.825645650445949,7387778.141465345397592],[228918.829050483705942,7387794.004884839057922],[228923.386251748830546,7387806.546568780206144],[228925.067394076380879,7387811.166062309406698],[228924.223304946208373,7387828.018375523388386],[228920.332800718548242,7387844.470543498173356],[228919.317395085585304,7387865.597627498209476],[228923.53425376128871,7387875.01872593536973],[228930.119409931241535,7387886.157304640859365],[228943.015546896087471,7387902.300582363270223],[228961.797198612883221,7387926.011841349303722],[228977.805000637134071,7387954.448239907622337],[228981.039140480337664,7387965.092337120324373],[228985.938017357664648,7387981.242231078445911],[228992.453306506911758,7388005.501472301781178],[228994.918439742468763,7388014.657277304679155],[228999.800037225941196,7388028.98926686681807],[229007.229879483173136,7388041.949967047199607],[229009.999949488672428,7388067.691249562427402],[229018.298987612593919,7388131.216575434431434],[229020.817744277999736,7388150.691420784220099],[229020.929292105895001,7388161.188870679587126],[229020.77899190725293,7388173.687440320849419],[229016.508154981886037,7388193.025166282430291],[229007.865515519515611,7388232.186384388245642],[229008.158254075795412,7388268.687365585938096],[229010.753645455755759,7388280.184039860963821],[229023.146616046724375,7388317.40834672190249],[229034.334672764642164,7388346.364695392549038],[229040.121264280227479,7388380.185856152325869],[229036.34688246587757,7388388.184053523465991],[229027.445890522445552,7388402.193699598312378],[229012.408919822715688,7388413.861814768984914],[228992.76154655899154,7388425.189432219602168],[228969.649265091458801,7388433.89258449524641],[228916.176174523425288,7388443.960400203242898],[228890.575565980456304,7388450.79965840652585],[228876.021039174462203,7388459.029867285862565],[228861.902149640605785,7388469.650950629264116],[228844.659984996251296,7388489.501382645219564],[228834.400447992375121,7388501.302399560809135],[228813.143331614497583,7388537.691317819058895],[228792.659604697022587,7388558.83359375782311],[228783.589453981956467,7388568.185217646881938],[228762.392240197921637,7388594.190630939789116],[228743.917291108402424,7388644.096746332943439],[228731.931767638132442,7388686.664701836183667],[228722.768052718602121,7388719.188663456588984],[228712.032792886137031,7388741.18802753649652],[228698.183658331341576,7388760.358834188431501],[228695.439583997125737,7388763.466442165896297],[228679.153636522998568,7388781.849411621689796],[228671.875918648729566,7388796.421038313768804],[228672.744686146324966,7388811.232702311128378],[228672.80599118565442,7388812.331037366762757],[228674.427309733815491,7388822.923059749417007],[228675.053662557969801,7388830.991884065791965],[228673.036879576800857,7388836.185484746471047],[228668.084099486237392,7388839.972429748624563],[228661.461532058543526,7388844.570637060329318],[228655.422782005160116,7388850.731280971318483],[228652.974625020520762,7388857.701192755252123],[228649.977805717731826,7388862.865497021004558],[228648.455572694074363,7388868.378603788092732],[228647.539974014740437,7388873.127188328653574],[228648.500473920896184,7388880.80324375629425],[228649.27932341885753,7388887.810956092551351],[228649.359392372018192,7388897.243896452710032],[228649.487928752438165,7388900.770611500367522],[228648.561956250458024,7388903.878750731237233],[228647.456389966537245,7388906.207757482305169],[228646.092877533810679,7388908.676047101616859],[228642.376846725586802,7388913.516668025404215],[228637.474465402483474,7388920.086322727613151],[228633.176536472456064,7388925.459185077808797],[228629.10266921465518,7388929.218123163096607],[228623.815194644848816,7388933.974123347550631],[228619.454428799916059,7388938.880337690003216],[228615.002876379352529,7388943.175310350954533],[228611.371639679884538,7388948.948455668054521],[228608.938734204275534,7388953.447184721007943],[228604.486847046122421,7388957.210174797102809],[228602.671745392784942,7388958.69478315487504],[228599.538867005845532,7388961.285344641655684],[228595.497551626700442,7388964.390995649620891],[228593.6011733977939,7388965.85192692745477],[228589.358012408483773,7388972.123503575101495],[228586.673568590078503,7388977.515261109918356],[228584.808581670804415,7388983.332312306389213],[228582.547855315438937,7388986.260482033714652],[228579.765601195336785,7388987.571953177452087],[228576.614485419297125,7388987.845868164673448],[228573.822808047058061,7388988.015635445713997],[228572.153378639311995,7388987.707535853609443],[228570.768531711539254,7388988.025362097658217],[228569.874372082296759,7388989.970396599732339],[228569.127849687763955,7388993.314607221633196],[228569.005218213715125,7388996.615000288002193],[228567.902174356568139,7389001.005449515767395],[228566.640629122557584,7389002.932572429999709],[228564.204389265389182,7389003.76282968185842],[228558.641397538012825,7389005.754074547439814],[228551.151814086479135,7389006.434983981773257],[228541.854582936211955,7389006.550313208252192],[228533.488424607552588,7389007.680396498180926],[228524.053419870440848,7389008.613280367106199],[228515.408768612251151,7389009.339195678010583],[228507.010030773759354,7389011.122543713077903],[228498.412958431465086,7389013.134938545525074],[228492.252718747768085,7389017.032380033284426],[228481.860261151567101,7389022.21431471221149],[228468.743312652164605,7389029.99437396414578],[228459.732270299864467,7389038.338413700461388],[228449.94968562660506,7389049.172815721482038],[228439.959482415637467,7389060.734817009419203],[228428.945213373284787,7389069.141335710883141],[228416.917645217676181,7389076.010658863000572],[228404.419035315222573,7389083.491850208491087],[228398.270392155391164,7389087.311894197948277],[228394.24635018396657,7389091.681259529665112],[228389.378232472459786,7389097.497855937108397],[228384.24151381192496,7389102.378499509766698],[228375.192923775466625,7389109.990333533845842],[228362.061203781922814,7389118.556916919536889],[228346.37524828169262,7389124.959161067381501],[228326.138959035044536,7389128.328713605180383],[228314.238285148225259,7389130.56770757958293],[228302.267955097835511,7389137.648586537688971],[228289.22349527006736,7389144.266159998252988],[228264.869991418498103,7389157.555732221342623],[228250.653704951168038,7389164.018477499485016],[228227.476008621859364,7389173.949613643810153],[228206.478140402934514,7389180.363698527216911],[228183.168637894676067,7389185.848105197772384],[228162.432600686093792,7389191.912353876046836],[228154.070331087859813,7389197.763592791743577],[228150.920428549230564,7389205.651347311213613],[228188.514361522335093,7389277.314397124573588],[228273.382359681243543,7389439.007048152387142],[228335.32267773541389,7389993.301977664232254],[228392.479698874987662,7390121.683848878368735],[228296.622546584985685,7391114.393868492916226],[228294.371231073339004,7391137.681284883990884],[228192.731475618376862,7392190.086094566620886],[228261.583236692880746,7394669.968746675178409],[228284.580869294528384,7395497.222730901092291],[228307.056318509508856,7396305.724934773519635],[228645.475513219949789,7398829.025455545634031],[228863.630308790598065,7400454.801481866277754],[228783.342126150324475,7401040.751325460150838],[228874.132747754047159,7401375.48254369944334],[228884.371645206178073,7401661.391742778941989],[228591.71492004574975,7402205.582396166399121],[228091.015978380921297,7402355.744555048644543],[227882.412667346070521,7402501.907107150182128],[227760.325774900673423,7402967.189213816076517],[227659.356246105220634,7403173.239786373451352],[227672.451403109822422,7403265.479730318300426],[227851.04986422235379,7403526.083636598661542],[228167.305629650887568,7403380.670687610283494],[228648.236828985100146,7403266.809344640932977],[228908.963552972185425,7403044.185891499742866],[229267.881205370824318,7402974.224034587852657],[229410.00663527008146,7402824.280530547723174],[229467.69123969116481,7402663.770963108167052],[229688.662214200419839,7402485.753512861207128],[230000.270620473893359,7402357.154254638589919],[230223.040656033612322,7402265.340266327373683],[230498.720104382140562,7401772.645107418298721],[230752.155702909221873,7401587.796235608868301],[230786.942800341057591,7401493.657297463156283],[230853.164697006694041,7401504.346904272213578],[230887.900589610275347,7401374.477183658629656],[231061.112163778045215,7401331.65932484343648],[231320.573009925428778,7401395.423827435821295],[231512.449344094377011,7401383.917548415251076],[231556.160629892896395,7401235.825461620464921],[231765.862614870711695,7401012.847529573366046],[232118.560588450985961,7400876.503980197012424],[231982.758120100887027,7400723.072483565658331],[232116.845617846061941,7400575.06699850782752],[232539.125717637420166,7400355.427096296101809],[232753.442859840753954,7400318.670947978273034],[232835.041215367498808,7400230.113459683954716],[232973.757366070116404,7400205.597769500687718],[233180.890910099609755,7399961.644635276868939],[233390.75599948852323,7400027.675259130075574],[233491.873963612772059,7399699.861007418483496],[233653.594674523978028,7399536.121820524334908],[233921.865032446163241,7399455.868167649023235],[234052.149181813467294,7399479.807834796607494],[234393.526718657114543,7399358.349105251953006],[234463.319921740854625,7399044.802616372704506],[234576.515894283773378,7398981.522542311809957],[234651.442692453740165,7398814.973201797343791],[234942.028333686757833,7398810.841839177533984],[235013.555590351927094,7398687.350161564536393],[235211.817371814686339,7398642.957304459065199],[235318.21346099593211,7398479.267775054089725],[235736.016335354768671,7398200.510636124759912],[235785.955189115018584,7397893.551780935376883],[235835.981942791899201,7397865.174672508612275],[235957.029291419952642,7397900.734664531424642],[236003.588776402699295,7397779.427236364223063],[236160.33380309259519,7397643.502727273851633],[236306.561491665488575,7397101.409580234438181],[236349.376341919007245,7397044.265441199764609],[236392.171671442512888,7397151.223081365227699],[236442.051119812531397,7397144.462620608508587],[236531.22419331560377,7396794.401483881287277],[236609.678665120445658,7396765.824216613546014],[236602.551998936047312,7396651.795457294210792],[236681.113134086073842,7396708.772699205204844],[236802.186653248674702,7396680.384150512516499],[236844.977680839248933,7396730.212670589797199],[236905.797566916735377,7396601.801173500716686],[236998.353308146412019,7396544.695420656353235],[237140.958136158180423,7396558.879774402827024],[237369.29902595205931,7396501.813876899890602],[237493.967274638591334,7396402.061481701210141],[237451.234702731831931,7396344.933034860529006],[237850.603787718049716,7396316.158016183413565],[238160.989791330503067,7396102.00045265071094],[238474.752703837293666,7396151.999892826192081],[238631.491994879819686,7396087.929881442338228],[238842.037880108196987,7396144.867025621235371],[238919.134117877692915,7396138.074142511934042],[238941.789895466848975,7396030.773989101871848],[239294.82199649332324,7396030.756573248654604],[239366.217604045756161,7395995.124959326349199],[239608.784591573406942,7396052.232860665768385],[239774.226689746428747,7395968.935188829898834],[239822.65788782670279,7395888.001414808444679],[240125.94012727055815,7395816.689587339758873],[240182.976097083766945,7395745.338096152991056],[240261.322038507612888,7395759.482869115658104],[240368.287855318601942,7395673.96732017211616],[240368.317900256923167,7395581.214183872565627],[240443.360966209991602,7395481.313389366492629],[240742.793019021686632,7395345.692553449422121],[240757.095735401497222,7395274.247499795630574],[240814.024542217201088,7395260.029170443303883],[240864.009948308259482,7395310.205077594146132],[241331.118347601091955,7394917.532034564763308],[241408.307996042014565,7394920.546875753439963],[241456.286653696210124,7394870.319197919219732],[241502.376935417181812,7394881.882278943434358],[241741.425795706541976,7395231.403254551813006],[241841.037001935124863,7395252.796477353200316],[241955.232067551085493,7395381.261103603988886],[242322.389189888432156,7395581.05515375174582],[242315.489633624529233,7395681.077416168525815],[242493.674022224964574,7395888.122411308810115],[242600.472960332001094,7396101.988699495792389],[242775.231358365766937,7396095.030078398063779],[242832.436345516238362,7396273.437786544673145],[242996.407793447113363,7396380.525611085817218],[243039.14976558109629,7396551.829960962757468],[243171.195865696266992,7396573.094757368788123],[243235.287052602943731,7396651.688468668609858],[243527.933537674049148,7396802.091708960011601],[243595.356366569234524,7397343.921743528917432],[243709.676103024627082,7397672.212562017142773],[244322.92794387799222,7400355.810780204832554],[244855.274801556428429,7400690.521723505109549],[244803.432720366603462,7400758.179945857264102],[245882.310139124980196,7400800.813531911000609],[247434.181336402718443,7400943.575758134946227],[248158.325568555330392,7401072.756953069940209],[248269.758903412148356,7401132.112124551087618],[248637.793693248968339,7401553.12246978096664],[249038.07028656557668,7401767.094189082272351],[249217.133205587946577,7401922.415898710489273],[249266.865482893452281,7402056.822751197963953],[249472.837420928786742,7401804.780959814786911],[249486.431627256912179,7401498.694152812473476],[249503.070657550561009,7401459.220017934218049],[249460.668312283582054,7401409.807185681536794],[249530.275590041303076,7401344.421300752088428],[249593.138791489152936,7401223.1724095903337],[249566.292272782942746,7401047.415493379347026],[249596.529136684228433,7400979.507179793901742],[249595.338823537982535,7400888.125329703092575],[249578.711651237535989,7400855.064499101601541],[249539.119590764632449,7400877.647591811604798],[249515.685668318445096,7400859.551548110321164],[249522.356082079000771,7400688.499497883953154],[249497.736805015156278,7400645.86122521571815],[249499.900226118741557,7400551.456031242385507],[249477.413966436724877,7400492.853338781744242],[249499.948307237616973,7400395.97027637436986],[249456.977163978037424,7400283.109388839453459],[249465.087989595194813,7400239.655769913457334],[249435.808417276857654,7400118.075169648975134],[249463.037298321898561,7400055.102207774296403],[249466.907854338787729,7399984.649675565771759],[249539.278517311206087,7399940.232214933261275],[249511.105812504974892,7399655.693242339417338],[249517.877078846126096,7399633.21498161368072],[249571.889485184947262,7399615.23324428871274],[249549.399387365323491,7399561.140314791351557],[249544.878409413155168,7399470.986759562976658],[249587.599188295745989,7399428.356748228892684],[249665.128774444485316,7399280.299126645550132],[249870.955257389985491,7398532.983627384528518],[249819.428601504710969,7398451.657459582202137],[249812.276255524222506,7398367.764105867594481],[249871.81767928993213,7398333.886455003172159],[250139.609150086005684,7398289.253995588049293],[250361.003094705141848,7398166.117032131180167],[250357.488471738004591,7398047.270785696804523],[250434.36266107094707,7397844.471143627539277],[250427.483840656874236,7397704.746774769388139],[250567.067242942517623,7397522.86015928350389],[250595.298567376768915,7397459.925153168849647],[250570.742663167999126,7397222.278081201016903],[253527.022888987965416,7397166.115988394245505],[254022.697387886029901,7392630.591069842688739],[254103.827706121606752,7391888.014884258620441],[254247.111249309004052,7391931.134257286787033],[254403.32675053953426,7392020.453796935267746],[254631.41874239576282,7392112.972363607957959],[254785.266401066939579,7392238.95748324599117],[255166.074445510806981,7392406.715495892800391],[255299.509521515283268,7392532.773655356839299],[255424.866959366598167,7392595.325920064002275],[255484.351141984865535,7392679.313472419977188],[255546.998166203469737,7392707.341739545576274],[255638.083160202164436,7392686.437067890539765],[255679.887958501989488,7392658.503587120212615],[255910.611692160193343,7392630.411367731168866],[255973.522595453221584,7392693.456369758583605],[256057.386860861064633,7392721.426386903971434],[256235.705897196312435,7392868.234677095897496],[256375.142237688385649,7392889.261715596541762],[256494.211484330211533,7392980.198063002899289],[256641.041334927489515,7392973.168074432760477],[256770.436869202560047,7392938.356289906427264],[256952.092285715742037,7392945.165546365082264],[257175.652145745581947,7393015.083897150121629],[257252.700872807850828,7393015.088587798178196],[257403.047517229366349,7392945.006855566054583],[257458.822711165703367,7392952.170092638581991],[257710.625812419108115,7393168.952397264540195],[257871.274778786493698,7393371.811170583590865],[257972.576702875783667,7393469.874875125475228],[258126.47473470919067,7393497.616671502590179],[258196.433874627749901,7393539.792279463261366],[258350.123340445570648,7393553.622448571026325],[258357.817924337694421,7393578.192567529156804],[258402.438384198467247,7393721.59869141317904],[258379.821475645643659,7393798.354774571955204],[258421.785867541068001,7393829.850769378244877],[258421.768281920463778,7393892.786230558529496],[258491.594148574426072,7393955.578235872089863],[258516.227244209905621,7394179.395415337756276],[258505.672793083358556,7394277.325566841289401],[258542.333083752106177,7394375.935044951736927],[258461.959570348757552,7394515.726538088172674],[258458.560474249097751,7394568.179630421102047],[258413.025595171231544,7394645.166979400441051],[258423.529300428403076,7394736.031995326280594],[258391.568224023823859,7394824.301411356776953],[258327.395316595240729,7394921.911508063785732],[258323.920818111888366,7395131.137513907626271],[258365.831708359444747,7395169.834494164213538],[258358.82513551611919,7395208.111825396306813],[258323.801832909521181,7395208.276090986095369],[258358.946440891100792,7395288.655970491468906],[258331.028685369994491,7395341.092162920162082],[258323.801675752212759,7395414.379356071352959],[258335.350059255259112,7395589.305064519867301],[258427.050436441146303,7395610.430188734084368],[258451.509242364991223,7395641.957994611002505],[258448.842043699580245,7395707.032392047345638],[258413.004563225782476,7395760.811790402978659],[258448.018876435817219,7395981.154236288741231],[258442.760946293710731,7396065.177354671061039],[258414.755865842016647,7396131.529075784608722],[258446.23593506088946,7396257.753204932436347],[258414.812999430811033,7396334.33100988343358],[258445.437924408179242,7396358.182071013376117],[258386.98803099009092,7396488.219305218197405],[258376.309302381996531,7396558.335977462120354],[258423.638376329559833,7396649.165345905348659],[258409.570660234370735,7396719.104254658333957],[258489.795386387442704,7396820.735998291522264],[258455.151575135532767,7396869.538199841976166],[258507.512453832168831,7396925.458829063922167],[258493.408494378963951,7396977.779682907275856],[258510.896748551254859,7397026.975883578881621],[258496.89471060843789,7397079.309502894058824],[258505.658582548407139,7397282.188086377456784],[258491.86210619576741,7397324.519693100824952],[258530.135348149720812,7397394.058069420978427],[258484.817179977457272,7397537.475493824109435],[258564.825879750744207,7397591.779221639037132],[258558.049197432555957,7397666.968441897071898],[258512.66617138919537,7397698.342155104503036],[258517.841742279561004,7397733.363227257505059],[258633.207621786539676,7398020.212189665995538],[258633.224983504595002,7398048.322847643867135],[258570.615206700196723,7398090.138762980699539],[258552.830160907877143,7398170.509444793686271],[258605.303859054954955,7398201.921652400866151],[258600.065351454599295,7398351.882936395704746],[258627.998698017501738,7398394.281272009015083],[258680.458248117618496,7398425.992033909074962],[258652.392304122127825,7398457.429794888943434],[258694.446280500269495,7398460.8034309130162],[258792.265759306930704,7398366.403689407743514],[258827.200347676262027,7398355.931534193456173],[258834.168549340334721,7398377.087355959229171],[258771.309958225203445,7398464.417340934276581],[258738.225467806274537,7398558.663592523895204],[258577.294917180872289,7398541.399768812581897],[258475.838022087409627,7398579.794643152505159],[258426.036780287889997,7398621.776865335181355],[258318.600515066034859,7398611.230803728103638],[258336.025788729748456,7398653.21273557189852],[258398.995097722770879,7398656.732440318912268],[258407.753744657326024,7398677.729644997045398],[258362.294372850650689,7398737.101552728563547],[258316.884016583469929,7398894.533716969192028],[258267.864065427245805,7398960.93805396463722],[258267.632094022526871,7399048.777876166626811],[258084.015283701388398,7399351.496687127277255],[258111.059485364879947,7399446.002426886931062],[258093.115134214836871,7399495.556226939894259],[257994.007318658783333,7399603.537646742537618],[257989.661437044851482,7399643.964039908722043],[257926.676452845160384,7399684.475452085956931],[257922.173752042552223,7399761.020687598735094],[257892.951989868510282,7399790.421709792688489],[257879.419275861524511,7399848.768271369859576],[257825.330995723925298,7399875.852951901033521],[257811.940678040671628,7399956.506274181418121],[257767.047363214136567,7399992.994553348049521],[257775.958450057718437,7400064.808430053293705],[257843.3235660038481,7400163.969150161370635],[257852.502353370044148,7400294.523432139307261],[257746.826627616188489,7400453.896191846579313],[257751.294799071911257,7400580.051515747793019],[257715.265320225124015,7400652.131698060780764],[257724.229037358949427,7400769.076035462319851],[257787.332702168263495,7400823.225026368163526],[257818.645629219477996,7400962.643001879565418],[257870.40118317262386,7401018.953241474926472],[257861.307202993193641,7401032.465075800195336],[257798.458470444777049,7401019.151231098920107],[257748.985012759250822,7401054.932594842277467],[257730.916291713627288,7401086.478821754455566],[257753.573267082509119,7401122.464510822668672],[257704.043136414518813,7401194.465975280851126],[257699.56027240032563,7401356.450832051225007],[257663.578927044465672,7401383.413298496976495],[257649.995225825550733,7401478.179525087587535],[257692.817636874242453,7401511.694852041080594],[257665.737728029722348,7401534.338964490219951],[257733.420530690200394,7401565.760385024361312],[257769.114883084694156,7401624.343056160025299],[257733.240101367147872,7401660.304604690521955],[257688.297187263786327,7401646.864994004368782],[257679.256386047782144,7401691.80104772746563],[257620.858297473954735,7401718.892084201797843],[257624.690257268812275,7401746.179371727630496],[257665.756045783462469,7401772.851377099752426],[257620.806302243436221,7401822.335871293209493],[257566.689820493396837,7401835.824477901682258],[257537.665750818530796,7401937.161103154532611],[257573.591871412150795,7402018.251900017261505],[257573.542907121474855,7402121.507369130849838],[257600.353685042558936,7402135.667250154539943],[257537.6245650871424,7402274.530075965449214],[257514.985495408443967,7402256.549842851236463],[257402.696061688649934,7402306.129502283409238],[257380.147393057181034,7402355.684364357963204],[257274.606324330932694,7402407.51313382294029],[257260.958915124792838,7402447.841125964187086],[257108.050858920440078,7402502.187746242620051],[257063.104737802641466,7402560.479756791144609],[257076.373864238557871,7402605.474409187212586],[257184.665287609706866,7402704.58264140971005],[257153.157538783794735,7402780.958396457135677],[257121.560980351670878,7402799.017479011788964],[257137.373247673385777,7402837.361624700017273],[257119.309372246527346,7402864.098662490025163],[256984.394333260774147,7402909.312708163633943],[256948.431517437129514,7402882.346754103899002],[256867.427395121107111,7402885.360709439963102],[256754.96029649671982,7402909.426464453339577],[256727.999594706023345,7402940.680554421618581],[256745.958065266400808,7403058.00746046192944],[256725.65937937606941,7403100.507527750916779],[256734.704143206414301,7403271.581074022687972],[256694.346842411294347,7403321.061931570060551],[256626.86200721692876,7403356.874626225791872],[256622.239806987374322,7403415.611997849307954],[256599.857297375507187,7403442.55401892401278],[256653.662580651056487,7403492.098621187731624],[256617.883261957351351,7403532.979337012395263],[256621.687245548004285,7403605.097164055332541],[256531.43382939271396,7403691.656682664528489],[256575.132694013649598,7403764.501984247937799],[256516.853774476592662,7403810.306156106293201],[256534.48930821401882,7403976.757705807685852],[256539.17287278684671,7404021.078707559965551],[256647.052670422155643,7404034.433257790282369],[256869.714335576776648,7404171.646297014318407],[257049.584488753345795,7404153.889710854738951],[257278.982951067853719,7404279.62853127438575],[257333.018253287125845,7404279.656532719731331],[257551.169892584643094,7404345.028615208342671],[257708.564107521058759,7404349.41902381926775],[257785.052147707086988,7404380.828758744522929],[257901.926643347454956,7404390.067174426279962],[258068.399184280977352,7404520.495484983548522],[258228.064087096281582,7404473.306386043317616],[258353.955701740080258,7404491.232176160439849],[258488.906509823631495,7404617.303263667970896],[258631.152109711314552,7404815.369028468616307],[258631.592212644522078,7404820.317964159883559],[258640.032209302269621,7404819.935770872980356],[258640.204331270680996,7404804.470824185758829],[258640.36766822822392,7404804.484585935249925],[258641.413882775610546,7404778.120124313980341],[258633.253225436026696,7404547.321263424120843],[258637.715524870378431,7404340.319075266830623],[258629.545303504652111,7404308.728575550019741],[258622.760854614083655,7404274.922649753279984],[258618.156672370852903,7404244.675988171249628],[258617.500556122191483,7404229.230666289106011],[258616.592310136911692,7404207.975242828950286],[258619.641266039310722,7404137.478468373417854],[258631.407809792959597,7404078.925151500850916],[258633.423536930640694,7404070.714679762721062],[258640.577092157967854,7404041.580762784928083],[258651.94333129611914,7404008.017517941072583],[258675.618781313940417,7403944.46320344042033],[258678.174526103481185,7403937.602285865694284],[258713.603145552537171,7403866.074920179322362],[258732.139530279237079,7403825.371921157464385],[258755.131165487109683,7403774.171663315966725],[258767.061580631299876,7403730.501524016261101],[258773.126214493211592,7403694.203051427379251],[258776.015964203485055,7403676.954500064253807],[258780.557782828604104,7403590.205617737956345],[258781.516275527013931,7403546.765307903289795],[258781.907982062490191,7403529.132262179628015],[258778.986576465074904,7403472.974805487319827],[258772.733799820154672,7403389.372697568498552],[258757.483314638055163,7403272.327188753522933],[258716.370431110612117,7402798.23321108520031],[258690.575790880538989,7402544.795544891618192],[258689.96714546327712,7402468.00048672221601],[258695.671050983743044,7402413.225575275719166],[258697.067292691353941,7402399.786200800910592],[258702.836428128153784,7402267.640043720602989],[258704.669312490528682,7402236.335645793005824],[258714.600112022628309,7402211.070001251064241],[258737.208809576317435,7402177.469902081415057],[258766.252435842558043,7402148.474012041464448],[258784.360507562494604,7402136.849305609241128],[258787.42838914229651,7402134.883124933578074],[258856.612455216207309,7402124.341031942516565],[258959.350162710063159,7402116.354952538385987],[258970.848109794809716,7402115.136521076783538],[259045.272774500161177,7402107.22800301015377],[259591.784509877645178,7402051.179317369125783],[259679.168853685987415,7402037.596350499428809],[259716.449470233143074,7402022.251242050901055],[259753.282513979298528,7401991.154016621410847],[259776.293360668205423,7401935.299417171627283],[259780.757464772468666,7401881.091444755904377],[259779.734142292581964,7401509.517268151044846],[259781.9865252423333,7401313.17176051158458],[259786.642143674951512,7400965.634212585166097],[259786.599685216759099,7400943.251854654401541],[259787.140108264255105,7400913.355694863945246],[259810.393801990081556,7400865.061708955094218],[259810.975685141718714,7400863.852428858168423],[259858.85781536824652,7400764.417152638547122],[259908.1042905197246,7400662.134370438754559],[259987.96657092665555,7400491.844502152875066],[260202.092398045497248,7400070.072477638721466],[260247.617504348221701,7399979.506175216287374],[260775.781097203231184,7398929.104259734973311],[260729.58089294002275,7398881.050005973316729],[260667.998847937386017,7398820.689483923837543],[260550.139981671352871,7398698.691296678967774],[260412.948056254157564,7398558.692322617396712],[260317.969829447683878,7398456.189827805384994],[260219.453401899983874,7398347.689800193533301],[260096.331837663776241,7398218.687094654887915],[260022.061716237280052,7398141.019083510152996],[259940.531296903791372,7398053.758255707100034],[259879.202712009602692,7397987.691591031849384],[259870.950901734526269,7397968.099811613559723],[259863.373003701504786,7397953.527256223373115],[259860.031395843572682,7397940.453429879620671],[259868.623816444596741,7397928.649888815358281],[259881.150396110489964,7397918.074201872572303],[259899.120084873575252,7397911.42137364204973],[259917.358448628714541,7397908.950110038742423],[259964.798279765178449,7397890.314824015833437],[259966.71635978211998,7397888.61774636618793],[259975.830150329798926,7397880.534512177109718],[259985.301544356480008,7397867.460022514685988],[259988.253485076769721,7397859.408838525414467],[259989.141418105049524,7397856.974685659632087],[260012.978105185698951,7397825.853315979242325],[260099.584539692499675,7397712.803130957297981],[260461.119725415628636,7397236.181356264278293],[260604.369843911787029,7397031.447916656732559],[260606.123204831848852,7397021.061343565583229],[260612.37987524230266,7396983.934694580733776],[260614.363915781315882,7396983.191510026343167],[260644.24653017820674,7396955.192993411794305],[260754.44525227844133,7396807.689714457839727],[260859.940003048192011,7396662.192061791196465],[260951.362739377655089,7396528.685446599498391],[261060.356363419617992,7396395.18804700486362],[261144.737248103367165,7396281.686926907859743],[261199.263693833432626,7396202.689307536929846],[261264.281134466524236,7396108.694051679223776],[261396.122926272684708,7395935.690307963639498],[261542.039087219513021,7395723.193169887177646],[261700.258968991402071,7395505.200107300654054],[261814.530438401416177,7395342.189761186018586],[261900.669418318691896,7395231.694471690803766],[261949.897439610707806,7395162.691351627930999],[261958.109372444974724,7395152.731049975380301],[261970.236759170948062,7395141.338615139015019],[261994.41964191859006,7395129.255776042118669],[262029.277249684790149,7395116.581910835579038],[262060.650811546336627,7395105.192014247179031],[262129.22559871445992,7395075.193972729146481],[262213.590519336750731,7395037.197585765272379],[262246.999037925153971,7395011.192716540768743],[262277.963233739719726,7394972.771815333515406],[262301.274930286337622,7394943.843974859453738],[262330.393775383243337,7394907.697646494954824],[262378.717369022080675,7394840.728476854972541],[262417.123398890369572,7394787.481348345056176],[262497.097963851178065,7394683.087964372709394],[262515.779204001184553,7394658.693967821076512],[262581.378045648278203,7394572.027507243677974],[262658.246346424799412,7394470.696516543626785],[262698.803093024820555,7394414.469974634237587],[262786.655464358744211,7394292.69688343629241],[262880.85026780073531,7394169.641183362342417],[262881.288516168133356,7394169.072130552493036],[262884.76418717514025,7394165.760163739323616],[262893.551630565430969,7394157.404276737943292],[262940.214969633496366,7394151.634241594001651],[262941.773202331503853,7394018.878157965838909],[262942.398846515803598,7393958.192683480679989],[262942.400527225108817,7393883.691557142883539],[262941.559690638328902,7393846.693271823227406],[262941.442330896679778,7393840.697151399217546],[262940.615995480271522,7393804.696288336999714],[262962.257573121110909,7393654.847965804859996],[262970.855630828998983,7393597.006214333698153],[262971.188744586659595,7393594.729154326021671],[263006.875170824350789,7393354.696458386257291],[263045.591488277190365,7393097.195500324480236],[263062.000471948937047,7392975.194739924743772],[263068.44694601080846,7392927.190287917852402],[263097.028075237351004,7392758.696033985354006],[263125.218316287617199,7392587.192773008719087],[263148.124376399675384,7392436.700009157881141],[263178.388188458513469,7392239.281183231621981],[263209.781524117453955,7392040.196478648111224],[263251.518216435273644,7391787.009944258257747],[263253.251244311803021,7391767.659279110841453],[263255.500898415280972,7391755.507830826565623],[263257.494180417037569,7391744.6818175194785],[263258.803445124649443,7391737.622969787567854],[263269.684933347511105,7391678.69904716219753],[263299.617481832508929,7391497.196546995081007],[263315.50747749384027,7391376.195517084561288],[263315.496526526752859,7391369.303646150976419],[263312.300206148996949,7391313.154382673092186],[263306.344857105636038,7391286.743188297376037],[263290.810356971225701,7391163.19450450129807],[263277.013870288443286,7391041.446695810183883],[263274.542812630650587,7391011.158537494018674],[263255.588238844182342,7390871.200371608138084],[263252.002357526798733,7390832.196407753974199],[263243.247279942384921,7390737.199473015964031],[263237.972008511074819,7390651.200384219177067],[263239.722711180977058,7390577.192795416340232],[263273.75358128309017,7390432.032325180247426],[263329.563872145023197,7390246.694363038986921],[263391.22487588680815,7390031.701508665457368],[263440.562181340181269,7389868.196689100936055],[263446.100177732412703,7389842.780438591726124],[263449.576018511608709,7389826.781948855146766],[263479.308873811736703,7389690.193963853642344],[263514.558208615286276,7389595.699192091822624],[263562.122471145121381,7389445.694008976221085],[263567.592742030217778,7389433.273364224471152],[263600.530974375549704,7389358.474358677864075],[263620.249207607994322,7389313.698360117152333],[263662.564042534097098,7389224.20397853013128],[263689.865809221286327,7389177.101997939869761],[263752.400056459242478,7389069.198542263358831],[263842.255978546803817,7388885.706647728569806],[263844.752795723034069,7388880.960521795786917],[263905.676036403863691,7388765.19707715138793],[263970.873357429052703,7388642.699515145272017],[264043.092537100776099,7388507.706354128196836],[264097.683484140725341,7388388.704406464472413],[264138.222311200399417,7388307.700830578804016],[264150.028536383062601,7388265.200848902575672],[264159.3714373401599,7388231.702236911281943],[264176.975295251584612,7388167.202653798274696],[264194.596251487615518,7388073.197636720724404],[264195.303502093243878,7388010.463744149543345],[264190.357138473540545,7387954.496941732242703],[264189.287967119365931,7387932.198038753122091],[264187.676503909402527,7387925.767833333462477],[264184.03182380378712,7387911.205385645851493],[264172.343049904098734,7387896.535112109035254],[264032.497093341313303,7387721.195708567276597],[263946.034062257735059,7387622.205615079030395],[263873.967319788760506,7387539.702070178464055],[263784.124912365339696,7387425.698209293186665],[263690.941532997239847,7387315.705858833156526],[263629.064645703183487,7387242.196517643518746],[263582.36444788146764,7387185.452963653951883],[263465.223461548390333,7387040.700591358356178],[263328.187424313568044,7386873.198426619172096],[263274.974832782638259,7386807.705595571547747],[263192.15509386442136,7386705.699838403612375],[263148.595676250522956,7386664.495306636206806],[263132.215638860012405,7386646.49028286896646],[263004.002300388528965,7386520.201022339984775],[262850.503837399475742,7386371.206315603107214],[262787.921429577632807,7386301.414982046931982],[262707.588821873534471,7386176.200365295633674],[262652.391087491996586,7386064.900810189545155],[262576.904019445588347,7385924.407139606773853],[262496.65374489169335,7385788.123294625431299],[262421.781661290908232,7385660.203262000344694],[262342.885575370572042,7385533.723984014242887],[262310.627983400947414,7385479.70362164452672],[262235.669725662388373,7385357.27656411472708],[262172.06595484475838,7385266.701058445498347],[262038.301660070341313,7385063.359306547790766],[262014.511736017855583,7385033.575454777106643],[261986.750111410306999,7385003.205935728736222],[261759.034822970803361,7384792.199183404445648],[261700.420539141196059,7384737.701851752586663],[261562.775722296530148,7384610.034722332842648],[261445.649155573366443,7384503.743099270388484],[261256.191118796297815,7384336.233235200867057],[260959.387143543601269,7384081.708896204829216],[260944.478127824520925,7384070.206829778850079],[260887.47347932739649,7384016.263838284648955],[260873.626709086762276,7383996.646262288093567],[260862.211216746742139,7383963.240500607527792],[260861.378443912632065,7383935.615004072897136],[260871.150807511206949,7383901.205216582864523],[260913.047606397216441,7383814.536640722304583],[261078.073159309482435,7383473.160178141668439],[261096.90103566183825,7383434.267317987047136],[261201.244787411589641,7383218.74047627300024],[261258.725154214480426,7383089.701325063593686],[261447.820272357494105,7382729.282027902081609],[261528.677302229654742,7382563.706032783724368],[261612.293527842033654,7382394.706831216812134],[261672.160790886904579,7382284.708156414330006],[261677.801315284508746,7382274.340829087421298],[261679.095574636565289,7382271.968703232705593],[261681.865194063895615,7382269.255082841031253],[261698.948777243931545,7382252.571011289954185],[261830.392988955456531,7382196.916828691959381],[262190.27456969616469,7382049.783505603671074],[262389.865375471534207,7381965.243916044011712],[262595.846922505414113,7381881.703538408502936],[262721.128670761245303,7381829.210109711624682],[262884.428851692646276,7381759.739925645291805],[263105.135831315070391,7381668.410846520215273],[263396.74228775157826,7381550.043845642358065],[263549.994877895456739,7381486.719093916937709],[263585.486977840191685,7381471.916611006483436],[263752.639710939954966,7381407.873883945867419],[263797.205352210672572,7381389.872054408304393],[263951.459260415402241,7381326.869910506531596],[263979.277781729993876,7381316.340833419933915],[263998.408852022024803,7381309.094541603699327],[264015.688848671736196,7381301.452570866793394],[264112.183625189354643,7381258.741400256752968],[264264.637153042771388,7381195.806747930124402],[264287.791750543285161,7381186.497931037098169],[264380.91540272149723,7381152.073734538629651],[264446.840750975883566,7381127.712537035346031],[264593.365379560855217,7381065.177343619987369],[264641.069127250113524,7381044.830639628693461],[264810.023708370397799,7380973.459878826513886],[264983.23485114693176,7380905.712725910358131],[265108.533262959448621,7380856.701966646127403],[265264.754159214324318,7380790.549938207492232],[265272.656011622864753,7380787.209413783624768],[265281.86935152602382,7380783.546566169708967],[265422.624490051763132,7380727.702612577937543],[265569.091036673635244,7380668.204439374618232],[265588.928350396105088,7380660.081211128272116],[265734.940171776106581,7380600.208541377447546],[265792.205946438014507,7380578.394684966653585],[265827.983084605890326,7380560.788566530682147],[265869.118234500288963,7380529.208268872462213],[265885.941754071274772,7380522.531946899369359],[265897.598984931304585,7380517.910883447155356],[265914.587414147797972,7380491.470736065879464],[265924.887075792066753,7380475.448806166648865],[265961.036010551906656,7380416.310042968019843],[265990.603521223179996,7380373.59647111594677],[266033.31597779376898,7380347.315168844535947],[266085.883949391893111,7380344.027783436700702],[266151.603754035080783,7380363.742855314165354],[266174.214575237012468,7380372.216753276064992],[266204.169417463010177,7380383.456725453957915],[266252.846505971625447,7380379.707321642898023],[266339.401271141425241,7380348.212964409962296],[266428.041008693166077,7380311.411138616502285],[266498.37312225846108,7380282.20377167314291],[266652.035885169869289,7380220.705931315198541],[266805.719843514612876,7380152.703102298080921],[266895.782233365636785,7380121.20652306638658],[267081.248481449554674,7380050.209117328748107],[267240.217351592844352,7379992.214165766723454],[267259.116362697794102,7379985.203962341882288],[267399.17829582374543,7379932.710630809888244],[267556.405962863878813,7379876.213632250204682],[267738.310972395120189,7379825.205849753692746],[267776.160035852342844,7379814.952135197818279],[267861.973401141818613,7379791.714084394276142],[267939.683265329920687,7379760.213748383335769],[268012.00919522868935,7379738.033811591565609],[268024.468585744965822,7379734.210627559572458],[268033.809992901631631,7379733.938602244481444],[268146.344954400439747,7379730.714057500474155],[268232.897974243271165,7379712.205666068010032],[268342.395707379851956,7379692.710579591803253],[268464.28517208469566,7379687.704767310991883],[268628.534464513533749,7379662.708395627327263],[268702.715821073623374,7379652.709076365455985],[268824.590862368873786,7379644.708564453758299],[268898.775199501309544,7379637.710897944867611],[268972.972224012832157,7379613.207248616032302],[269057.746193718281575,7379583.209536020644009],[269136.945655528223142,7379563.659580528736115],[269165.498663666192442,7379555.204845855012536],[269189.617128174286336,7379553.549032900482416],[269237.936169489752501,7379550.205353076569736],[269287.372076095780358,7379533.705582902766764],[269350.908753806201275,7379505.707102780230343],[269426.94057774922112,7379472.211591094732285],[269637.117178504180629,7379387.714907162822783],[269824.342920096882153,7379316.712661573663354],[269992.933896008413285,7379241.214256200008094],[270027.464430163381621,7379225.70618652831763],[270211.182447287370451,7379156.206080978736281],[270232.959083082852885,7379147.066153370775282],[270364.84061842027586,7379091.713437676429749],[270471.179949230107013,7379048.708924248814583],[270495.320514789491426,7379034.586932038888335],[270508.194079504406545,7379027.056643396615982],[270513.370638885302469,7379026.850288395769894],[270529.053682897007093,7379026.211474109441042],[270604.399799385108054,7378995.713117187842727],[270631.235516482731327,7378976.315279974602163],[270640.36997406068258,7378969.711969417519867],[270720.87315902824048,7378907.20816539414227],[270775.674981748685241,7378878.213103733025491],[270811.649744758848101,7378868.709038814529777],[270893.863890909473412,7378860.709256509318948],[270998.342853888229001,7378839.708985310047865],[271111.368220185278915,7378798.212568815797567],[271232.972257931949571,7378743.211513667367399],[271323.745926080620848,7378711.213022194802761],[271514.61746882845182,7378629.711454388685524],[271619.092858343268745,7378591.212474664673209],[271704.745820048963651,7378544.70588999800384],[271793.805232796701603,7378487.206139808520675],[271850.30377062712796,7378446.711416011676192],[271913.679080975649413,7378425.713415935635567],[271924.958161895512603,7378425.425075323320925],[271973.646456204121932,7378424.216871521435678],[271999.016214799601585,7378427.827897762879729],[272097.619469013647176,7378461.0503782145679],[272237.488382993615232,7378563.079312413930893],[272310.144243027840275,7378613.997335942462087],[272357.584319311543368,7378620.202509885653853],[272436.139248596737161,7378595.462461094371974],[272502.813411618873943,7378554.670396491885185],[272548.627025545458309,7378492.013328400440514],[272564.010972248855978,7378464.134598203003407],[272591.80751577031333,7378413.726269430480897],[272656.302683573798276,7378269.506815353408456],[272687.571052471059375,7378209.746281303465366],[272725.330008411838207,7378154.441399318166077],[272774.892424086341634,7378120.737420259974897],[272794.185127837467007,7378112.973281836137176],[273105.595377475139685,7377987.711735470220447],[273164.662239055964164,7377963.350814888253808],[273878.778417557361536,7377668.714248455129564],[274094.587693197478075,7377583.713986122980714],[274204.170943036209792,7377535.217248056083918],[274251.969236872042529,7377535.217701261863112],[274258.614554888918065,7377542.212257403880358],[274276.86281519260956,7377547.71411008015275],[274296.285926476004533,7377564.280214510858059],[274332.524032068089582,7377595.211367283016443],[274356.366715249489062,7377630.713997259736061],[274392.998912588576786,7377652.710130710154772],[274462.529233804438263,7377709.207993991672993],[274511.899469129391946,7377755.210803523659706],[274570.431414347607642,7377815.714246690273285],[274652.74983908853028,7377858.21693825442344],[274692.962468136334792,7377875.714174492284656],[274747.868250646744855,7377899.709903592243791],[274826.360030375653878,7377910.709373438730836],[274863.117033439106308,7377899.712208647280931],[274912.408094794722274,7377868.611997773870826],[274934.436460471828468,7377854.716419626027346],[275040.858369165798649,7377786.255177658051252],[275115.52946127182804,7377738.208316652104259],[275221.616491789929569,7377666.217540841549635],[275259.647463901550509,7377611.709026852622628],[275287.710434799315408,7377571.715117689222097],[275343.774907154846005,7377491.715145789086819],[275451.677761833299883,7377335.715446101501584],[275498.530058991163969,7377264.823744775727391],[275636.43020142999012,7377056.217297773808241],[275716.934787388367113,7376939.212591867893934],[275735.540680826816242,7376924.166309328749776],[275758.991454883362167,7376905.217384259216487],[275803.934681554674171,7376875.210810150951147],[275889.935077303322032,7376842.214792340993881],[276164.275501176365651,7376732.717886859551072],[276259.027241061150562,7376699.710684822872281],[276299.644613960175775,7376653.715380743145943],[276302.769507054472342,7376644.235461991280317],[276316.11504184739897,7376603.714138304814696],[276330.74745974742109,7376569.716075317934155],[276358.556765133049339,7376545.21631465293467],[276383.807737849536352,7376523.214235695078969],[276389.752525188610889,7376518.752251982688904],[276513.299078421434388,7376426.215659596025944],[276591.185722123831511,7376369.946751216426492],[276743.769417247560341,7376259.718653825111687],[276793.169902638415806,7376252.711650442332029],[276861.467506588494871,7376254.714133517816663],[276911.955110498412978,7376255.955203529447317],[276983.428972550318576,7376257.7178526930511],[277136.43600471119862,7376249.220583604648709],[277332.142669089138508,7376244.212805131450295],[277381.524588071042672,7376235.718958287499845],[277547.989787612343207,7376173.712521383538842],[277583.949131422210485,7376170.374635502696037],[277651.994596628122963,7376179.471236302517354],[277715.260433073039167,7376183.597409836947918],[277809.434077128185891,7376172.508390101604164],[277840.661660221754573,7376171.05845607444644],[277915.397611756925471,7376167.581775110214949],[277915.80776533158496,7376167.444021122530103],[277984.170197827683296,7376144.470153382048011],[278044.943717998103239,7376122.100115567445755],[278099.324721190670971,7376090.137439044192433],[278175.806864982179832,7376045.771400421857834],[278167.678833076148294,7376017.584106818772852],[278062.877200597431511,7375716.372785242274404],[278034.3927237141761,7375505.801562597975135],[277796.94473143259529,7375394.258967388421297],[277633.235077614488546,7375177.837630908936262],[277439.228990107309073,7374983.783311137929559],[277398.924488574790303,7374831.680993250571191],[277260.617625498853158,7374634.40071278065443],[277232.10547495924402,7374541.56340960226953],[277203.603776806616224,7374448.737244581803679],[277209.48802903550677,7374395.67010291852057],[277210.12696977565065,7374389.929863800294697],[277217.39649899082724,7374324.364613719284534],[277225.116258299269248,7374254.718087836168706],[277259.867728932644241,7374140.416847098618746],[277326.9776393827633,7374067.627073671668768],[277410.072655207361095,7374027.887502858415246],[277468.312892455956899,7373995.975847674533725],[277469.822588273906149,7373897.56136217340827],[277512.9365346620325,7373775.189496738836169],[277564.309452723013237,7373652.94421162083745],[277689.140802356414497,7373581.0381820788607],[277797.346665941004176,7373517.074998835101724],[277818.19935866020387,7373502.747933764010668],[277914.051826075476129,7373436.84424117859453],[277989.781120033119805,7373339.577375404536724],[278025.152491047396325,7373184.280868956819177],[278051.019199912319891,7373110.857065679505467],[278068.49170106096426,7373082.097368782386184],[278085.964137299684808,7373053.337655365467072],[278098.101000912953168,7373033.337359320372343],[278110.247860248258803,7373013.348287779837847],[278152.110063186497428,7372972.974178975448012],[278210.815355614409782,7372883.600180994719267],[278253.449961797159631,7372818.686495396308601],[278287.42817568971077,7372753.596031753346324],[278361.898224578704685,7372738.326556897722185],[278371.275055491598323,7372664.661366481333971],[278380.401243128522765,7372607.389312762767076],[278365.282575703575276,7372516.941602304577827],[278366.160075364576187,7372459.543443765491247],[278417.511727481207345,7372337.306814091280103],[278492.355398585961666,7372297.436060131527483],[278559.450924608972855,7372224.652677433565259],[278577.264831562526524,7372174.083144325762987],[278602.561997739423532,7372102.289695084095001],[278620.175768750545103,7372028.7502526268363],[278687.64514119195519,7371931.365632643923163],[278804.95857025089208,7371810.135081526823342],[278888.536711097753141,7371737.602051896974444],[278997.108782574534416,7371649.041782184503973],[278998.1091048020171,7371583.44717266317457],[278990.611149090109393,7371534.130960334092379],[278996.056054988643155,7371430.536657528951764],[279002.235471873427741,7371312.883208378218114],[279061.451368860783987,7371215.37143203150481],[279071.199421290890314,7371117.116342922672629],[279072.324622074491344,7371043.325158099643886],[279072.955470438464545,7371001.954685101285577],[279074.449951286078431,7370903.950409128330648],[279051.217460975633003,7370805.181251347064972],[279044.595324397669174,7370698.477986072190106],[279029.100612460984848,7370632.631709907203913],[279097.811785707832314,7370453.269051177427173],[279190.753478244296275,7370307.080558931455016],[279215.985326383030042,7370274.671341475099325],[279217.485045437351801,7370176.290452097542584],[279219.109772687836085,7370069.712990420870483],[279203.500329446862452,7370012.074658282101154],[279179.768966858158819,7369946.102900149300694],[279180.018936215550639,7369929.709769727662206],[279181.519121048855595,7369831.32882858812809],[279199.253214717202354,7369749.603450598195195],[279208.125386316212825,7369708.735295992344618],[279225.73427780502243,7369635.206463806331158],[279227.484300401061773,7369520.432377262972295],[279162.789468024275266,7369437.449929093942046],[279158.895127579628024,7369418.689136935397983]]]]}}
]
}
